Task_name,Participant #,Runtime_mod,Absorption_response,Other_response,Problem_response,Images_response,Past_response,Distracting_response,Focus_response,Intrusive_response,Deliberate_response,Detailed_response,Future_response,Emotion_response,Self_response,Knowledge_response,Gradient 1,Gradient 2,Gradient 3
Zero-Back Task,subject001,-5,9.6,9.9,1.5,1.1,9,8.8,6.1,6.2,8.8,8,2.2,5.1,1.4,6.5,0.092938575,-0.060981684,-0.3893953
Zero-Back Task,subject001,-6,8.4,6.8,1,5.6,4.4,9.3,6,6.3,9,9,8,7.8,6.3,3.5,0.092938575,-0.060981684,-0.3893953
Zero-Back Task,subject002,-12,9,9.5,8.8,9.8,4,9,8.4,3,2.5,8.7,1.9,7.3,7,8.8,0.092938575,-0.060981684,-0.3893953
Zero-Back Task,subject002,-9,9.3,9.1,6.3,3.3,3.9,7.1,9,1,3.6,7.7,6.8,9,8,4,0.092938575,-0.060981684,-0.3893953
Zero-Back Task,subject003,-10,8.1,1.7,5.6,1,1,6.1,2.7,2.5,4.8,1.8,7.7,6,6.6,1.7,0.092938575,-0.060981684,-0.3893953
Zero-Back Task,subject003,13,7.6,8.6,1,1,1,7.5,2.2,4.9,3.3,3.6,1,6.7,7.5,1,0.092938575,-0.060981684,-0.3893953
Zero-Back Task,subject004,12,4.3,5.5,5.8,7.9,2.8,2.3,9.4,3.7,6.6,4.7,6.8,4.8,4.6,5,0.092938575,-0.060981684,-0.3893953
Zero-Back Task,subject004,-10,6.8,7.2,8.4,5,5,5.7,6.6,3,1.7,6,7,6.9,3,7,0.092938575,-0.060981684,-0.3893953
Zero-Back Task,subject005,7,6.4,2.7,10,3.4,1,3.5,2,2.2,4.1,5.5,1,4.3,7.9,7.2,0.092938575,-0.060981684,-0.3893953
Zero-Back Task,subject005,-7,7.6,2.3,10,2.3,2.6,3.4,2.3,3.5,7,9.3,1,4.6,3.6,10,0.092938575,-0.060981684,-0.3893953
Zero-Back Task,subject006,8,1,1,3.2,5,2,3.6,8,1,2.9,1,1,4.6,4.4,4.4,0.092938575,-0.060981684,-0.3893953
Zero-Back Task,subject006,-12,2.5,8.1,1,6,6.4,1.4,5.4,1,1,4,1,2.6,6.8,7.2,0.092938575,-0.060981684,-0.3893953
Zero-Back Task,subject007,5,3.6,3,5,2,6.2,5.2,5.2,5.3,5.5,4.5,5.8,6.6,5.3,4.5,0.092938575,-0.060981684,-0.3893953
Zero-Back Task,subject007,14,6.3,8.1,7.3,1.1,5.3,6,6,3.5,3,3.7,7.8,4.7,6.5,6.3,0.092938575,-0.060981684,-0.3893953
Zero-Back Task,subject008,13,5,8.4,8,7.8,7.2,3.7,8.3,4.6,2.1,6.4,7.7,5.8,9.5,7.5,0.092938575,-0.060981684,-0.3893953
Zero-Back Task,subject008,-11,7.2,7.7,7,5,5,3.1,7.5,5.3,7.6,5.8,7.1,7.3,7.3,7.6,0.092938575,-0.060981684,-0.3893953
Zero-Back Task,subject009,-10,8.4,1,5.3,1,2.9,1,1,9,1,2.6,1,3,1,1,0.092938575,-0.060981684,-0.3893953
Zero-Back Task,subject009,-12,3.1,1.2,4.1,1,1.4,8.1,3.8,7,5,1.9,2.5,4.1,1,1,0.092938575,-0.060981684,-0.3893953
Zero-Back Task,subject010,-7,5,7,9,7,4,4,2,9,2,5,2,8,2,3,0.092938575,-0.060981684,-0.3893953
Zero-Back Task,subject010,7,8,10,7,6,10,3,8,9,6,9,2,10,6,4,0.092938575,-0.060981684,-0.3893953
Zero-Back Task,subject011,9,4.5,10,5.3,8.6,3.9,3.4,2.1,3,6.2,8,3,7.1,1.1,5.1,0.092938575,-0.060981684,-0.3893953
Zero-Back Task,subject011,-7,7.5,6.5,2.7,4.7,3,1.9,5.3,5,3.9,6.8,7,6.8,1.3,6.8,0.092938575,-0.060981684,-0.3893953
Zero-Back Task,subject012,9,9.9,1,1,1,1.7,1,1.3,1,9.7,10,6.2,9,2.1,2.6,0.092938575,-0.060981684,-0.3893953
Zero-Back Task,subject012,-10,9.4,1.2,1,2.5,1.6,1,1,1,7,9.6,1.6,10,5,7.4,0.092938575,-0.060981684,-0.3893953
Zero-Back Task,subject013,-5,8.4,5.5,3.8,5,4,7,5,4.6,2.6,7.5,5.6,3.8,5.9,5.6,0.092938575,-0.060981684,-0.3893953
Zero-Back Task,subject013,11,7.4,7,6.1,5,2.8,7.2,4,3.3,3.6,7.4,8.4,4.5,8,4.2,0.092938575,-0.060981684,-0.3893953
Zero-Back Task,subject014,-15,8.2,8.6,6.7,9.4,7.2,7.9,3.4,9.1,2,5,7.9,2.3,6.2,2.4,0.092938575,-0.060981684,-0.3893953
Zero-Back Task,subject014,14,7.7,8,2.5,8.5,5.8,7,7,2,5.2,6.9,6.8,7.7,6.3,3.6,0.092938575,-0.060981684,-0.3893953
Zero-Back Task,subject015,-5,4,5.8,1,10,1,5.6,5.4,2.6,6.9,1,1,5,5.4,1.4,0.092938575,-0.060981684,-0.3893953
Zero-Back Task,subject015,11,8.9,5.4,1,10,5,8.7,9,8,1,1.8,5.1,5.7,6.3,2.6,0.092938575,-0.060981684,-0.3893953
Zero-Back Task,subject016,-8,4.6,2,1.1,8.4,2,5.4,4.7,8.2,8.6,8.2,1.1,3.1,3,7.3,0.092938575,-0.060981684,-0.3893953
Zero-Back Task,subject016,7,7.5,1.8,1,9.3,1.2,6.8,8.4,4.5,9.1,2.7,9,2.3,9,9.1,0.092938575,-0.060981684,-0.3893953
Zero-Back Task,subject017,11,4,7.7,3,2,8,7,4.5,6,6.6,5,3.6,6.8,5.7,8,0.092938575,-0.060981684,-0.3893953
Zero-Back Task,subject017,-11,7.1,7.5,3.1,2,8.2,7.6,4.5,5.6,4,6.4,3,7,8.2,7,0.092938575,-0.060981684,-0.3893953
Zero-Back Task,subject018,8,7,2.5,4,8,7.5,4,2.5,3,7,4,3.5,8,3,2,0.092938575,-0.060981684,-0.3893953
Zero-Back Task,subject018,6,4,3,3,9,8,6,3,2,5,6,2.5,8.8,3,8,0.092938575,-0.060981684,-0.3893953
Zero-Back Task,subject019,13,4.6,4.6,1,9,1,2.1,7.9,3.6,8.6,4.8,1.5,8,6.2,10,0.092938575,-0.060981684,-0.3893953
Zero-Back Task,subject019,14,5.9,1,4,9.7,1,6.9,10,4.5,7.4,7.1,5.2,8.1,10,1,0.092938575,-0.060981684,-0.3893953
Zero-Back Task,subject020,-13,8,7.8,7.1,3.5,5.2,7,3.5,4.1,5.7,8.2,4.8,3.7,3.4,2.8,0.092938575,-0.060981684,-0.3893953
Zero-Back Task,subject020,13,8,6.8,7.8,2.7,7.8,2.9,3.9,2,7.6,7.7,7.3,2.9,6.6,2.4,0.092938575,-0.060981684,-0.3893953
Zero-Back Task,subject021,9,8,6.8,7.9,3.6,4.3,7.9,7.4,9,4,6.6,7.5,4.1,7.5,3.9,0.092938575,-0.060981684,-0.3893953
Zero-Back Task,subject021,13,9,4.9,6.7,6,4.4,8.8,7.4,3.8,3.9,3.7,6.5,5.1,7.1,3.2,0.092938575,-0.060981684,-0.3893953
Zero-Back Task,subject022,-12,6.5,5.7,1.1,3.4,10,4.4,2.9,2.2,3.5,10,4,3,10,7.2,0.092938575,-0.060981684,-0.3893953
Zero-Back Task,subject022,6,8.2,2.7,6.7,4.3,2.5,4.4,3.1,6.2,2.8,4.9,5.1,8,10,10,0.092938575,-0.060981684,-0.3893953
Zero-Back Task,subject023,14,2.9,6.6,1,1.7,6.1,4,1.1,1.9,5.4,3.3,3.5,8.6,6.5,5.8,0.092938575,-0.060981684,-0.3893953
Zero-Back Task,subject023,9,1.7,6.7,3,3.8,5,4.6,2.9,7.2,1.4,3.7,1,1,7.9,3.2,0.092938575,-0.060981684,-0.3893953
Zero-Back Task,subject024,14,8,9,2.2,5.3,2.8,9.1,1.6,6,1.9,2.3,2.5,2.5,10,8.7,0.092938575,-0.060981684,-0.3893953
Zero-Back Task,subject024,6,9.5,7.5,1,8.6,2.3,10,1.3,2.1,1.8,1.4,6.4,5,7,1.2,0.092938575,-0.060981684,-0.3893953
Zero-Back Task,subject025,5,8.3,7.1,7,3.7,3.6,8,3.5,2.3,6.9,6.6,2.9,7,3.1,3,0.092938575,-0.060981684,-0.3893953
Zero-Back Task,subject025,-9,8,4.8,2,4.4,7,7.3,1,6.2,3.5,6.8,3.8,7.3,7.1,6.9,0.092938575,-0.060981684,-0.3893953
Zero-Back Task,subject026,8,2.4,5.2,5.8,10,7.2,4.8,8.2,1,8.4,2.8,3,8,6,3.4,0.092938575,-0.060981684,-0.3893953
Zero-Back Task,subject026,7,5,7.2,5,8.2,6,6.8,7,1,9,8,3.8,9,9,4,0.092938575,-0.060981684,-0.3893953
Zero-Back Task,subject027,10,6,7.8,8.9,10,1.8,1,1,6.6,9.1,10,7,5,6,7.6,0.092938575,-0.060981684,-0.3893953
Zero-Back Task,subject027,-9,8,1,8.6,10,3.4,7.4,9,1.8,9.1,10,5,5.1,1.6,8.9,0.092938575,-0.060981684,-0.3893953
Zero-Back Task,subject028,9,4,2.1,6.5,1,3.2,1,8,2.2,2.8,1,3.1,7.5,1.9,7.9,0.092938575,-0.060981684,-0.3893953
Zero-Back Task,subject028,-15,7,9.4,4.2,7,5,7.6,2.9,3.7,4,2.7,5,8.1,8,8.1,0.092938575,-0.060981684,-0.3893953
Zero-Back Task,subject029,9,9,1.1,9,3,1.2,1.1,1.3,3,4,5,1.3,9,6.1,7.8,0.092938575,-0.060981684,-0.3893953
Zero-Back Task,subject029,-13,6,6,3,3,10,6,5,8,2,8,10,7,5,8,0.092938575,-0.060981684,-0.3893953
Zero-Back Task,subject030,-12,7.4,2,6.2,8.6,10,8.9,5.6,2,10,7,3,6.6,10,9,0.092938575,-0.060981684,-0.3893953
Zero-Back Task,subject030,14,1.9,10,7.7,6.4,9.9,9.8,8,9,8.6,8.6,5.4,1,9.6,10,0.092938575,-0.060981684,-0.3893953
Zero-Back Task,subject031,-8,3.2,8.2,2.6,7.1,1.7,8.3,3.2,7.6,1,3.6,8,7.4,6.5,1.4,0.092938575,-0.060981684,-0.3893953
Zero-Back Task,subject031,-7,7.7,9.1,2.5,8.5,1.7,8.6,2.3,9.8,1.8,3.1,6.7,8.9,2.4,2.2,0.092938575,-0.060981684,-0.3893953
You Task,subject001,-13,3,9,3.8,8.7,3,7.2,7.7,7.5,9,7.4,2.4,4,2,10,-0.068696902,0.051619026,0.141604039
You Task,subject001,15,4,7,10,1.9,4.8,7.3,4.1,2,4,5.5,5,9.9,8,8,-0.068696902,0.051619026,0.141604039
You Task,subject002,5,8.5,10,3.1,9,8.7,8.9,6.5,5,4,3.7,6.1,3.8,8.4,8.1,-0.068696902,0.051619026,0.141604039
You Task,subject002,8,7.7,8.5,1.6,10,7,6.8,5.9,2.2,2.8,3,5,5.2,7.5,7.8,-0.068696902,0.051619026,0.141604039
You Task,subject003,-11,8.2,2.3,1.9,1,10,2,8.9,1.6,7.1,6.9,1.6,8,8.9,6.9,-0.068696902,0.051619026,0.141604039
You Task,subject003,9,7,5.6,3.1,1,10,1.4,7.5,1.9,6.5,7,1,8.1,8.9,8.7,-0.068696902,0.051619026,0.141604039
You Task,subject004,8,5.9,6.8,3.8,9.9,6.9,3.5,9.8,2.3,8.7,7,1.9,6.6,8.9,8.2,-0.068696902,0.051619026,0.141604039
You Task,subject004,14,9.5,6.3,1.4,9,9.3,1.1,10,7.9,8.2,7.5,1.8,3.8,9.3,9.5,-0.068696902,0.051619026,0.141604039
You Task,subject005,-7,10,2.2,2.2,10,9,1,1,2.3,5,6.4,1,6.8,8.8,9.5,-0.068696902,0.051619026,0.141604039
You Task,subject005,-5,10,1,1,10,9,1,1,2,4,7.3,1,4.6,10,8.9,-0.068696902,0.051619026,0.141604039
You Task,subject006,9,1.8,1.7,1,5.5,8.4,1,2,1,3.3,2.3,1.5,4.6,10,9.3,-0.068696902,0.051619026,0.141604039
You Task,subject006,9,1.7,1,1,3.3,5.1,1.4,7,5,2.9,2.6,2,5.6,9.6,2.8,-0.068696902,0.051619026,0.141604039
You Task,subject007,5,2.2,1,4.3,10,9.8,1,2,1.7,10,8.5,5.2,6.3,10,8.2,-0.068696902,0.051619026,0.141604039
You Task,subject007,-11,4.3,1,6,9.2,9,6.1,4.5,1.9,9,8,4.1,6.4,10,9,-0.068696902,0.051619026,0.141604039
You Task,subject008,12,8,3.9,6.3,8.2,6,7.4,7.4,4.7,7,7,5.7,5.2,7.8,6.6,-0.068696902,0.051619026,0.141604039
You Task,subject008,6,6.8,4.1,6.4,9.1,7.2,7,8,6,4.4,6.9,6,4.4,5,8.4,-0.068696902,0.051619026,0.141604039
You Task,subject009,-6,2.2,10,6.4,2,7,1,8.3,1.8,10,8,1,8,10,2,-0.068696902,0.051619026,0.141604039
You Task,subject009,-10,1,9,2,2.4,10,1,1,1.9,10,8.9,2.2,7.5,10,10,-0.068696902,0.051619026,0.141604039
You Task,subject010,-6,10,1,1,5.8,7.7,1,10,1,7.2,8.4,8,6.1,10,7.6,-0.068696902,0.051619026,0.141604039
You Task,subject010,-6,10,3.6,4.3,5.3,6.2,1.8,9.5,1,8,6.5,7.3,5.4,9.1,7.6,-0.068696902,0.051619026,0.141604039
You Task,subject011,-7,4.8,2.1,4,7.9,5.3,1.9,2,4.8,5.5,7.7,2.7,8.3,9.2,7.1,-0.068696902,0.051619026,0.141604039
You Task,subject011,-7,4.2,2.1,5,9.2,6.4,1.3,2.4,5,5.1,8.7,2.8,8.2,7.2,8.5,-0.068696902,0.051619026,0.141604039
You Task,subject012,15,10,1,1,10,9,1,1,1.6,9.5,8,1.3,8.6,10,10,-0.068696902,0.051619026,0.141604039
You Task,subject012,-14,10,1,1,10,10,1,1.2,1,9.2,9.2,1.3,8.9,10,10,-0.068696902,0.051619026,0.141604039
You Task,subject013,11,5.1,3.2,4,7,3.9,1.8,6.6,3,9,7.8,3.1,3.7,7,8.3,-0.068696902,0.051619026,0.141604039
You Task,subject013,12,4.5,6,2,7.6,2.7,4,6,3.8,7.6,7.5,5.2,4.4,7,8.7,-0.068696902,0.051619026,0.141604039
You Task,subject014,-11,6.3,2.7,2.1,8.5,8.2,1,6.9,3.2,6.8,6.6,2.2,8.2,9.6,8.9,-0.068696902,0.051619026,0.141604039
You Task,subject014,-13,8,5.8,7.4,2.2,8.4,1.1,7.7,1.7,3.3,7.9,3.3,9,8.6,8,-0.068696902,0.051619026,0.141604039
You Task,subject015,11,1,1,1,10,1,1,1,1,1,1,1,10,10,10,-0.068696902,0.051619026,0.141604039
You Task,subject015,-9,1,1,1,10,1.8,1,1,1,1,1,1,10,10,10,-0.068696902,0.051619026,0.141604039
You Task,subject016,12,6.9,3.1,2.4,8.9,1.9,6.3,3.4,7.8,7.3,3.6,8,4.3,7.8,2.5,-0.068696902,0.051619026,0.141604039
You Task,subject016,14,3.9,3.4,2.2,7.9,7.2,3.3,3.7,6.2,2.7,7,1.8,6.1,8.1,7,-0.068696902,0.051619026,0.141604039
You Task,subject017,10,8.5,1,3,1,3.2,3.9,4,8,10,6.4,8,8,10,4.6,-0.068696902,0.051619026,0.141604039
You Task,subject017,-15,7.3,3,2.7,2.2,6,3,3,3,7.6,7.4,5.1,7.2,7.4,9,-0.068696902,0.051619026,0.141604039
You Task,subject018,-15,7.6,7.4,3,6.7,8.9,2.4,3.4,3,7.7,5.8,2.3,8,9.6,8.2,-0.068696902,0.051619026,0.141604039
You Task,subject018,14,8.4,9.6,9,4.8,8.8,3.8,4.2,2.4,5.4,8,3.5,7.7,9.5,8.5,-0.068696902,0.051619026,0.141604039
You Task,subject019,11,5,10,4.7,6.9,4.4,5.2,7.9,10,3.3,1.1,10,6,7.9,6.4,-0.068696902,0.051619026,0.141604039
You Task,subject019,-12,9,1.6,7.5,8,6.9,9,6.9,6.2,3,10,6.8,5.6,9.6,8.8,-0.068696902,0.051619026,0.141604039
You Task,subject020,-13,10,3,3.5,10,2,3.3,7,4.9,7,3.2,1,6.3,6.7,10,-0.068696902,0.051619026,0.141604039
You Task,subject020,-13,7.8,6.7,2.8,10,3.5,9.1,2,10,2.4,8.1,7.7,10,4.1,5,-0.068696902,0.051619026,0.141604039
You Task,subject021,13,6.9,6.3,6.1,2.7,6.7,4.3,2.4,3.5,6.2,4.1,3.4,7.8,8.2,7.8,-0.068696902,0.051619026,0.141604039
You Task,subject021,-5,2.7,5,3.7,3.4,7.2,3.8,2.4,2.1,7,6.2,6.1,7.4,7.8,8.4,-0.068696902,0.051619026,0.141604039
You Task,subject022,10,10,1,1,9.1,9.4,8.1,1.5,2.1,8.6,10,1,10,10,10,-0.068696902,0.051619026,0.141604039
You Task,subject022,-7,9.8,1,2.4,2.9,9.2,10,1.7,4.1,6.5,2.7,9,10,7.1,10,-0.068696902,0.051619026,0.141604039
You Task,subject023,14,7.9,2.4,5.9,6,7.9,4.1,2,8.4,7.3,7.1,10,8.3,7,5.7,-0.068696902,0.051619026,0.141604039
You Task,subject023,9,7.2,6,3.6,3.5,2.6,6.3,7.9,6.8,4.6,6.5,7.9,7.3,4.7,8.3,-0.068696902,0.051619026,0.141604039
You Task,subject024,-11,8.7,9.3,1,10,8,4.1,9.6,3.2,8.9,7.7,2.2,7.1,10,9,-0.068696902,0.051619026,0.141604039
You Task,subject024,-15,8.5,8.7,1.4,10,8.2,3.2,8.2,3.8,8.6,8.8,8.2,6,9,8.5,-0.068696902,0.051619026,0.141604039
You Task,subject025,-6,6.1,2.6,2.5,6.6,7,2.8,8.6,3.6,6.2,6.8,2.5,6.8,7,3.3,-0.068696902,0.051619026,0.141604039
You Task,subject025,14,4.8,2.9,8,3.4,4,3.2,6.6,4.8,3.3,4,4,7.5,7.7,6.8,-0.068696902,0.051619026,0.141604039
You Task,subject026,6,1.2,8,2,10,9.4,1.6,2.2,1,9,4,1,4.6,10,9.4,-0.068696902,0.051619026,0.141604039
You Task,subject026,-11,5,7.8,1.4,10,7.2,2,3,1.8,9,6.2,4.2,6.8,10,7,-0.068696902,0.051619026,0.141604039
You Task,subject027,8,6.8,3,1.2,10,6.6,1.6,1,2.2,8.6,10,1.6,5.5,10,9.3,-0.068696902,0.051619026,0.141604039
You Task,subject027,-15,6.2,2.9,1.1,10,3.8,8.1,1.8,1.2,9.4,9.7,4,5.1,10,9.6,-0.068696902,0.051619026,0.141604039
You Task,subject028,6,8.6,7.9,6.8,2,7,4.7,7.1,4.5,7,9,8.5,5.7,9.6,3.8,-0.068696902,0.051619026,0.141604039
You Task,subject028,11,5.5,5.1,9.1,7,4,4,2.1,4.1,6.1,1.9,10,9.1,2.8,2.1,-0.068696902,0.051619026,0.141604039
You Task,subject029,6,7.6,5,2.6,1,7,1.3,2,8.1,10,8.9,6.2,5.3,10,10,-0.068696902,0.051619026,0.141604039
You Task,subject029,-13,2.3,2,1.4,5.9,5,1,8.5,4,1.7,3.7,5.6,5.3,7.6,7,-0.068696902,0.051619026,0.141604039
You Task,subject030,12,8,5.5,1,2.1,8.2,1,3.8,1,5,10,2.5,8,10,10,-0.068696902,0.051619026,0.141604039
You Task,subject030,14,5,1,1,3,10,1,1,1,3,5.7,1,2,10,10,-0.068696902,0.051619026,0.141604039
You Task,subject031,-13,8.7,2.6,2,6.6,9.4,1,5,1.9,7.7,6.1,1.2,8.9,10,10,-0.068696902,0.051619026,0.141604039
You Task,subject031,13,7,1.4,4.1,8.1,9.6,2.3,1.6,4.1,3.9,6.1,1.7,9.6,9.6,9.5,-0.068696902,0.051619026,0.141604039
Reading Task,subject001,-15,6.8,1,3,6.7,8,10,7.9,8.3,8,1,5,5,1,8.8,-0.19586954,-0.014883893,0.326889586
Reading Task,subject001,5,7.1,9,2.2,7.8,7.4,4.8,4.7,3.6,5.7,7.2,2.5,6.4,3,7.9,-0.19586954,-0.014883893,0.326889586
Reading Task,subject002,12,6.9,5.8,2.8,10,4.4,5.8,2.8,1.7,4,3.2,6.7,3.5,6.3,6.1,-0.19586954,-0.014883893,0.326889586
Reading Task,subject002,14,9,8.4,2,10,2.8,10,10,1,2.9,3,5.9,3.9,8.6,4.4,-0.19586954,-0.014883893,0.326889586
Reading Task,subject003,-7,9.8,6.5,2.2,1,6.4,3,8.2,3.7,2.2,5,4.3,5.3,1.7,1.8,-0.19586954,-0.014883893,0.326889586
Reading Task,subject003,14,8.2,7.5,3.4,1,6.2,1,9.1,1.8,3.4,7,2.6,6.7,4.5,5.3,-0.19586954,-0.014883893,0.326889586
Reading Task,subject004,-5,2,2.3,3.3,10,2.4,3.1,8.5,4.5,8.3,3.1,3.9,6.4,2.1,8.2,-0.19586954,-0.014883893,0.326889586
Reading Task,subject004,9,8.4,7.1,2.3,4.3,8,6.8,4.9,5.4,2,1.9,2.7,7,6,6,-0.19586954,-0.014883893,0.326889586
Reading Task,subject005,8,8.5,1,3,9.2,1,1,2.3,1,9,9.2,1,5,1,1.9,-0.19586954,-0.014883893,0.326889586
Reading Task,subject005,11,9.1,1,1,10,1,1,1,1,2.2,9,1,6.4,1,2.2,-0.19586954,-0.014883893,0.326889586
Reading Task,subject006,15,1,1.2,5.4,9,6.5,1,1.7,1,1,1,9.3,4,1.1,3.7,-0.19586954,-0.014883893,0.326889586
Reading Task,subject006,12,1,6.6,5.4,1.4,1,8.1,10,2.5,3.1,1,7.8,5.6,4.5,1,-0.19586954,-0.014883893,0.326889586
Reading Task,subject007,-9,5.4,1,4,1,4,2.8,1,3,4,6.8,1.8,6,10,2,-0.19586954,-0.014883893,0.326889586
Reading Task,subject007,7,7.2,8.4,8.4,3,6.6,8.6,8.8,8.8,3.6,8.7,9,5.6,8,3.6,-0.19586954,-0.014883893,0.326889586
Reading Task,subject008,6,8,1,6.6,2.5,5.5,2.4,4.2,3.1,2.8,9,7,6.5,7.3,8.5,-0.19586954,-0.014883893,0.326889586
Reading Task,subject008,10,7,2.7,2.9,2.8,8.5,5.4,3.5,3,2.2,8.8,8,8.4,8.1,7.4,-0.19586954,-0.014883893,0.326889586
Reading Task,subject009,-14,5.7,5.9,6.7,1,4.2,2,2.8,2.2,5.8,4.1,1.2,6.1,1.5,7.5,-0.19586954,-0.014883893,0.326889586
Reading Task,subject009,-15,2.6,2.8,4,1,5.2,7,8,9,4.6,2.1,1,6.4,1.7,2,-0.19586954,-0.014883893,0.326889586
Reading Task,subject010,11,1,5.4,1,7.6,1,1,10,2.4,1,4.8,1,4.9,2,4.6,-0.19586954,-0.014883893,0.326889586
Reading Task,subject010,12,1.5,3,1,5.7,2.7,1,7.5,1,2.5,5.5,3.7,5.4,7,8,-0.19586954,-0.014883893,0.326889586
Reading Task,subject011,7,1,3.5,2.8,8.3,2.3,2,6.2,4.6,8,7.2,2.1,8.8,3.9,6.2,-0.19586954,-0.014883893,0.326889586
Reading Task,subject011,8,8.6,7.4,6.8,5.5,5,4.8,6.1,8.1,5,4.8,7.3,8.2,3.3,5.8,-0.19586954,-0.014883893,0.326889586
Reading Task,subject012,11,10,1,1,7.1,7.9,1.3,1,1,9.1,9.7,1,5.1,7.2,9.1,-0.19586954,-0.014883893,0.326889586
Reading Task,subject012,7,8.9,1,1,7.5,1,1.6,2.6,1.7,6,5.1,1,6,1,2.6,-0.19586954,-0.014883893,0.326889586
Reading Task,subject013,-7,5.9,7.5,4.2,5.2,1,1.3,5.5,1,5.3,5.7,6.4,8.4,3,3.8,-0.19586954,-0.014883893,0.326889586
Reading Task,subject013,-14,6.7,3.1,2,5,7.2,1,4.1,2,4.1,6.4,1.3,7.7,4.2,7.4,-0.19586954,-0.014883893,0.326889586
Reading Task,subject014,-13,7.6,7.2,4,1.5,3.3,4,3.3,4.8,2.7,3.4,7.9,7.2,4.2,3.7,-0.19586954,-0.014883893,0.326889586
Reading Task,subject014,13,6.9,3.5,3.9,5.8,6.6,4,5.6,3.2,4.6,5.3,7.9,6.3,8.6,6.8,-0.19586954,-0.014883893,0.326889586
Reading Task,subject015,8,5.7,7.1,1.4,10,1,7.3,8,3.2,1,1.6,8,6.2,5.6,5.9,-0.19586954,-0.014883893,0.326889586
Reading Task,subject015,-11,7.9,7.9,1,7.2,1.1,7.2,7.1,7.8,1.1,1.2,7,3.6,7.4,6.8,-0.19586954,-0.014883893,0.326889586
Reading Task,subject016,8,7.8,2,1,2.1,3.1,7.8,9.3,3.2,2,4,2.8,2.2,9.2,9.2,-0.19586954,-0.014883893,0.326889586
Reading Task,subject016,12,5.7,3,1.8,2.5,5,4.5,6,2.8,6.6,2.1,7.1,7.5,4.6,3.1,-0.19586954,-0.014883893,0.326889586
Reading Task,subject017,13,5,7.2,4.1,1,8.3,7.9,3.8,4.8,6.1,10,2,4.9,4.6,3.6,-0.19586954,-0.014883893,0.326889586
Reading Task,subject017,-12,2.9,10,10,1,3,8.5,7.5,3,2,8.7,2.8,5.5,3,3.4,-0.19586954,-0.014883893,0.326889586
Reading Task,subject018,-15,7,2.9,2.9,7.9,8,3.5,3.6,2.1,3,5.3,2.9,6.5,4.5,6.7,-0.19586954,-0.014883893,0.326889586
Reading Task,subject018,11,6.8,4.9,3,5.2,7,4.2,3.5,2.3,3,6.1,6.6,7.6,7,6.2,-0.19586954,-0.014883893,0.326889586
Reading Task,subject019,14,7,6.8,1.5,8.2,6.8,6.4,8.7,7.8,4.3,3.6,7.3,5.9,7.9,9,-0.19586954,-0.014883893,0.326889586
Reading Task,subject019,12,6.7,1.8,5.9,9.8,9,3,5.8,4.5,8,3,7,3.9,4,6.6,-0.19586954,-0.014883893,0.326889586
Reading Task,subject020,-7,3.7,1.9,4.4,8,8.2,5,9.5,3,8.7,5.3,8.3,7.1,8,4.1,-0.19586954,-0.014883893,0.326889586
Reading Task,subject020,7,9,1.9,7.9,8.7,8,8.6,7,4.1,8.8,2.7,3.1,7,4,8.9,-0.19586954,-0.014883893,0.326889586
Reading Task,subject021,11,2.4,2.5,1.8,6.8,5.1,2,6.7,3,3.7,4.4,2.4,5.1,4.7,7.4,-0.19586954,-0.014883893,0.326889586
Reading Task,subject021,-15,5.4,7.5,4,4.4,4.3,4.5,2.7,3.6,3.9,3.9,7.3,6.8,7.9,3.7,-0.19586954,-0.014883893,0.326889586
Reading Task,subject022,11,9.4,2.3,2.5,9,1,7.6,10,3,3,6.1,9.8,10,10,3.6,-0.19586954,-0.014883893,0.326889586
Reading Task,subject022,-15,10,3.9,3.1,10,1,10,10,3.4,10,9.5,10,10,9.6,1.9,-0.19586954,-0.014883893,0.326889586
Reading Task,subject023,-6,2.6,4.5,3.5,8.1,6.1,5.1,7.4,8.3,4.7,6.7,7,3.2,6.5,7.7,-0.19586954,-0.014883893,0.326889586
Reading Task,subject023,13,7.1,6,6,6.8,7.5,4.6,6.3,8.5,9,7.6,7.1,5.3,6.9,8.9,-0.19586954,-0.014883893,0.326889586
Reading Task,subject024,-8,4,2,1.6,8.4,2.2,6,7.1,6.6,2.1,1.8,1.9,5.2,7.9,3.8,-0.19586954,-0.014883893,0.326889586
Reading Task,subject024,6,7.4,6.5,3.3,8.4,7.7,7.8,1.5,8.3,3.2,8.3,8.6,2.7,9.9,7.6,-0.19586954,-0.014883893,0.326889586
Reading Task,subject025,5,8,6.7,3.9,5.4,3,7.4,6.9,6.2,4.2,7.2,4.4,6.8,4.5,8,-0.19586954,-0.014883893,0.326889586
Reading Task,subject025,6,6.7,3.6,4.1,3.8,7.4,3.6,3.4,6.4,2.9,4.4,4.5,4.2,8.5,4.2,-0.19586954,-0.014883893,0.326889586
Reading Task,subject026,-13,1,8.2,1.4,10,5.6,1,3.6,1.2,9,7,1,7.4,6,2,-0.19586954,-0.014883893,0.326889586
Reading Task,subject026,8,2,3.8,1,10,1,5,4.6,1,7.4,3.2,2,7.6,10,7.8,-0.19586954,-0.014883893,0.326889586
Reading Task,subject027,-13,7.8,1.3,1,8.8,5.4,4.9,6.1,1,4.6,10,6.5,5,1.4,10,-0.19586954,-0.014883893,0.326889586
Reading Task,subject027,14,8.7,2.4,2.2,9.6,8.4,9.4,9,2,7.5,9.9,1.5,6.1,6.4,8,-0.19586954,-0.014883893,0.326889586
Reading Task,subject028,6,7,10,2,4,2,3,5,6,10,8,9,4,7,2,-0.19586954,-0.014883893,0.326889586
Reading Task,subject028,9,7,10,3,6,2,6,9,3,6,3,5,6,4,4,-0.19586954,-0.014883893,0.326889586
Reading Task,subject029,14,10,1,1,1,1,1,1,1,5.9,7,1,5.8,1,1,-0.19586954,-0.014883893,0.326889586
Reading Task,subject029,-13,6,6,5.8,1,10,4,3.7,4.5,3,10,6.9,2.9,5.7,4.8,-0.19586954,-0.014883893,0.326889586
Reading Task,subject030,7,1.7,1,1,10,7.8,2.3,1,5.2,3,2,1,7.3,1,1,-0.19586954,-0.014883893,0.326889586
Reading Task,subject030,6,9.2,9,1,10,10,10,1,10,2.4,9,1,1,7.6,9.7,-0.19586954,-0.014883893,0.326889586
Reading Task,subject031,-8,3.5,8.4,7,9,2.2,2.7,2.3,6.4,2.6,1.6,5.3,4.7,1.6,7.1,-0.19586954,-0.014883893,0.326889586
Reading Task,subject031,-8,4.1,7.8,1.4,6.2,6.3,3.6,9,4.4,3.4,2.6,2.3,8.5,1,4.4,-0.19586954,-0.014883893,0.326889586
One-Back Task,subject001,9,6.8,9,2.2,7.9,2.1,10,5.9,7.6,1.8,1,7,2,2.6,7.9,-0.009917203,-0.030030693,-0.537271814
One-Back Task,subject001,6,7.3,8.1,1.2,10,2.6,9.6,1.9,1.7,1.9,1.3,6.6,1.9,6.9,3,-0.009917203,-0.030030693,-0.537271814
One-Back Task,subject002,-11,8,1,8.5,10,2.5,3,2.9,7,8.4,1.8,5,8.5,1.6,8.6,-0.009917203,-0.030030693,-0.537271814
One-Back Task,subject002,15,7,3.2,2.4,10,7.1,6.2,6,1,7.2,8,7,8.7,4.1,4,-0.009917203,-0.030030693,-0.537271814
One-Back Task,subject003,14,5.1,1,8.1,1,1,4.5,10,1,1,2.8,5.3,3.7,1,1,-0.009917203,-0.030030693,-0.537271814
One-Back Task,subject003,7,8.5,1,7.2,1,1,2.2,10,1,7.3,6.6,6.7,6.6,4.7,2.9,-0.009917203,-0.030030693,-0.537271814
One-Back Task,subject004,9,4,6.6,7.4,7.7,3.1,2.8,6.9,1.5,2.8,4.8,6,5.4,3,2,-0.009917203,-0.030030693,-0.537271814
One-Back Task,subject004,-5,1.9,5.9,7.2,7.8,6.4,1.6,8.2,1.4,1.7,6.3,5.6,5.1,2,2,-0.009917203,-0.030030693,-0.537271814
One-Back Task,subject005,-13,10,1,10,2.8,6.5,1,1,1,8.3,10,1.7,6.6,1,6.8,-0.009917203,-0.030030693,-0.537271814
One-Back Task,subject005,-14,10,1,10,3.6,3.8,1,1,1,8.7,10,3,7.5,1,8.3,-0.009917203,-0.030030693,-0.537271814
One-Back Task,subject006,-11,9,2.5,8,8.2,8.3,2.6,1,1,4.4,1,1,5,1.3,1,-0.009917203,-0.030030693,-0.537271814
One-Back Task,subject006,11,1.6,1,2,9.8,8.3,3.4,1,1,3.2,1.2,1.7,5.4,4.3,4.6,-0.009917203,-0.030030693,-0.537271814
One-Back Task,subject007,7,7.9,7.2,8.9,2.3,5.6,8,6.4,5.4,3.8,3.8,7.9,4,8.1,6.8,-0.009917203,-0.030030693,-0.537271814
One-Back Task,subject007,12,2.6,2.8,5.7,1,2.5,1.8,5.1,2.6,8.4,2,5,5.6,2,3.1,-0.009917203,-0.030030693,-0.537271814
One-Back Task,subject008,-13,9.4,1.9,2.5,1.3,8.7,1,1,4.9,10,8.5,1.5,4.9,2.6,8.9,-0.009917203,-0.030030693,-0.537271814
One-Back Task,subject008,6,9,1.9,8,5.3,2,1,2.1,5.7,8.8,7.3,7.6,5.1,2.7,2.6,-0.009917203,-0.030030693,-0.537271814
One-Back Task,subject009,10,6.4,1,4.9,1,1,1.7,8.3,6.6,4,1,1,5.1,1,1,-0.009917203,-0.030030693,-0.537271814
One-Back Task,subject009,-5,1,1,5.6,1,6.5,1.8,2.4,3.8,1.8,4.2,1,6.4,1,7.3,-0.009917203,-0.030030693,-0.537271814
One-Back Task,subject010,-13,2.5,2.2,4,5.2,3.4,4.3,9.9,1,6.1,8.8,5.9,4.6,3.4,2.4,-0.009917203,-0.030030693,-0.537271814
One-Back Task,subject010,10,3.1,2,3,5.4,9,10,4,5,4,8,6,10,9,8,-0.009917203,-0.030030693,-0.537271814
One-Back Task,subject011,9,6.7,1.7,6.2,9.2,2.9,2.6,1.7,6.7,8.1,4.7,6.9,8.2,1,5.8,-0.009917203,-0.030030693,-0.537271814
One-Back Task,subject011,10,3.2,1,7.2,10,1,1,1.1,1,8,8.6,1.8,8.4,1,10,-0.009917203,-0.030030693,-0.537271814
One-Back Task,subject012,-7,10,1,1,5.1,8,1,1,1,10,9,5.5,7.2,1,8.3,-0.009917203,-0.030030693,-0.537271814
One-Back Task,subject012,-6,9.4,1,1,5.1,8.5,1,1,1,9.4,9.6,8.2,7.1,1,7.8,-0.009917203,-0.030030693,-0.537271814
One-Back Task,subject013,-6,4.4,6,7.6,7.9,2.9,2.7,8.9,3,2.7,7.6,5.4,6.1,5,2.8,-0.009917203,-0.030030693,-0.537271814
One-Back Task,subject013,11,5.1,7,7.6,6.2,1.6,6.4,8.2,2,2.3,8,6.6,5.7,4.4,4.5,-0.009917203,-0.030030693,-0.537271814
One-Back Task,subject014,-5,7.4,1.6,9.6,1.4,1.3,1.2,9.4,2.8,10,9.4,1,5.1,1.3,9.7,-0.009917203,-0.030030693,-0.537271814
One-Back Task,subject014,13,8.6,1,8,1.9,7.6,1.9,8.6,1.5,9.6,9.4,8,5.4,3.3,9.4,-0.009917203,-0.030030693,-0.537271814
One-Back Task,subject015,7,2.5,6,1,10,3.1,3.2,1,2.7,1,1,2.7,5.1,3.1,5.1,-0.009917203,-0.030030693,-0.537271814
One-Back Task,subject015,7,7,7.6,1,10,1.4,1.4,7.1,2.6,1,1.1,10,5.5,7.1,6,-0.009917203,-0.030030693,-0.537271814
One-Back Task,subject016,-15,5.9,3.5,1,8.2,1.7,7,7,3.7,5.1,5.3,2.9,7.1,6.1,7.6,-0.009917203,-0.030030693,-0.537271814
One-Back Task,subject016,10,7.9,3.3,1,8.9,2.8,8.2,6.7,4,4,3.3,8,3,8.9,7.2,-0.009917203,-0.030030693,-0.537271814
One-Back Task,subject017,-5,3,3,1.1,1,3,2.1,2.8,4.9,8.5,7,2.5,7,3,7.5,-0.009917203,-0.030030693,-0.537271814
One-Back Task,subject017,-6,4,4.1,3.5,2.7,5.2,5,5.2,3.3,7,4.8,9,5.5,3.8,3,-0.009917203,-0.030030693,-0.537271814
One-Back Task,subject018,15,6.5,2,5,9,7.5,2.5,2.5,1,8,6.5,3,9,2,8,-0.009917203,-0.030030693,-0.537271814
One-Back Task,subject018,-8,6,2,4,9,5,4,3,2,7.5,6,2.5,8,3,8.5,-0.009917203,-0.030030693,-0.537271814
One-Back Task,subject019,-5,2,1,1,10,2.7,1.1,1.5,6.7,5.6,2.1,4.5,1,10,5.2,-0.009917203,-0.030030693,-0.537271814
One-Back Task,subject019,12,7,3.3,2.8,8,7.8,6.5,6.3,6.1,2.9,5,2.4,4.5,2,4.1,-0.009917203,-0.030030693,-0.537271814
One-Back Task,subject020,9,7.2,2.3,7,2.7,8.1,9.3,8.1,6,2.3,5.2,7.9,2.3,5,5.9,-0.009917203,-0.030030693,-0.537271814
One-Back Task,subject020,-13,8,4.4,6.4,2.4,7,7.9,6.7,7.5,3.4,2.9,6,5.8,2,2.2,-0.009917203,-0.030030693,-0.537271814
One-Back Task,subject021,-10,10,5.4,10,3.5,1.7,10,2.8,3.4,3.5,2,8,3.4,5.7,3.1,-0.009917203,-0.030030693,-0.537271814
One-Back Task,subject021,-12,6,5.7,6.8,2.5,7.6,6,7.5,4,4.7,6.7,5.6,5.4,6.5,6.8,-0.009917203,-0.030030693,-0.537271814
One-Back Task,subject022,13,2.2,1.6,6,1,1,1.7,1.4,2.3,2,10,2.4,6.7,1.6,3,-0.009917203,-0.030030693,-0.537271814
One-Back Task,subject022,11,9.4,2.6,1.5,2.6,3,1,1,3.2,9.1,10,1,10,3.9,2.6,-0.009917203,-0.030030693,-0.537271814
One-Back Task,subject023,-14,1.2,2,2.2,3.2,1.8,1,1,1,1,1.6,1,5.4,3.4,4.7,-0.009917203,-0.030030693,-0.537271814
One-Back Task,subject023,10,3.6,7,7,9,2.8,3.4,4.9,5.9,6,9,3,5.7,2.9,6.9,-0.009917203,-0.030030693,-0.537271814
One-Back Task,subject024,13,9,5.9,7.1,8.4,1,8.8,8.6,7.5,8.9,3,7,5.8,1.8,1.9,-0.009917203,-0.030030693,-0.537271814
One-Back Task,subject024,-5,9.8,1,9.4,9.7,7.2,10,1.5,1,10,9.2,10,2.7,10,8.5,-0.009917203,-0.030030693,-0.537271814
One-Back Task,subject025,10,8.5,2.3,2.3,2.7,1.5,7,2.3,1.9,1,1,1.9,5,1.9,9.2,-0.009917203,-0.030030693,-0.537271814
One-Back Task,subject025,13,7.5,3.2,2.9,2.2,2.4,6.3,6.4,4.8,2.6,4.1,3.2,5.9,6.6,2,-0.009917203,-0.030030693,-0.537271814
One-Back Task,subject026,-13,1,3.6,5.4,1,1,2,1.6,1,9.2,5,1,8,8.6,1.6,-0.009917203,-0.030030693,-0.537271814
One-Back Task,subject026,-14,5.4,6,4.8,8.2,4.6,6,6,2,7.8,3.6,2,9,5,7.2,-0.009917203,-0.030030693,-0.537271814
One-Back Task,subject027,7,10,1,10,10,1,1,1,1,10,10,1.2,5,1.7,2.9,-0.009917203,-0.030030693,-0.537271814
One-Back Task,subject027,14,9,1,7.7,10,1.8,5.9,2.4,2.6,8.9,9.9,1,5.6,3.7,9.1,-0.009917203,-0.030030693,-0.537271814
One-Back Task,subject028,-10,7,6.4,7.6,8,2,6.3,6.3,3.4,7,5.6,1.4,3.4,6.9,5.9,-0.009917203,-0.030030693,-0.537271814
One-Back Task,subject028,13,7.1,6.8,7,6.6,9.9,10,4,3,7.9,7.8,5,3,3,7.6,-0.009917203,-0.030030693,-0.537271814
One-Back Task,subject029,-10,6,2,2,7,4,5,10,9,6,6,8,4,5,4,-0.009917203,-0.030030693,-0.537271814
One-Back Task,subject029,5,5,7,2,5,9,2,7,10,7,6,6,2,9,3,-0.009917203,-0.030030693,-0.537271814
One-Back Task,subject030,11,10,9.3,10,6,2.3,8.9,5.7,6.2,8,3.7,6.6,1.7,9.1,9.4,-0.009917203,-0.030030693,-0.537271814
One-Back Task,subject030,-10,6,8,4.1,5.7,10,8,3,9,3.8,1.1,2.3,4.8,9.3,2.6,-0.009917203,-0.030030693,-0.537271814
One-Back Task,subject031,-15,9.5,1,9.2,1.7,1,2,10,2.7,10,8.8,1,8.8,1,9.2,-0.009917203,-0.030030693,-0.537271814
One-Back Task,subject031,11,9.2,1,8.8,2.7,9.7,1.4,10,1.7,9.3,9.3,1.9,9.2,1.3,1.6,-0.009917203,-0.030030693,-0.537271814
Movie Task,subject001,12,5.2,5.2,1.8,2.6,7.8,7.1,6.6,3.8,6.9,4.6,1,6.6,1.1,6.7,-0.304622372,0.279657292,0.266021512
Movie Task,subject001,-7,6.9,4.9,1,5.1,1.8,1.7,1.1,1,5,7.9,2,10,2.4,7.9,-0.304622372,0.279657292,0.266021512
Movie Task,subject002,14,7.7,7.5,1,9.9,3.8,6.3,7.2,1,3.5,2,7.7,8.8,9,2.2,-0.304622372,0.279657292,0.266021512
Movie Task,subject002,5,2.7,4.8,6.2,10,2.9,6.1,3.1,1.5,3.6,2,7.4,2.3,4.2,3.5,-0.304622372,0.279657292,0.266021512
Movie Task,subject003,-14,8.1,8.4,2.6,1,7.1,1.7,7.9,2,2.4,3.9,4.8,9.1,2,1.2,-0.304622372,0.279657292,0.266021512
Movie Task,subject003,15,7.7,8.4,6.9,1,7,1,8.6,2,3.1,3.1,3.8,3,7,4.1,-0.304622372,0.279657292,0.266021512
Movie Task,subject004,-9,5,2.9,2.2,5,6.8,4.7,3.1,8.4,5,7.5,4.1,10,2,7,-0.304622372,0.279657292,0.266021512
Movie Task,subject004,15,1.6,10,6.3,1,6.7,1.6,9.4,2.1,8.3,4.7,5.4,4.3,2,5.5,-0.304622372,0.279657292,0.266021512
Movie Task,subject005,-12,6.7,1,1,3.5,2.4,2.5,1,3,3.7,3,4.3,5.7,1.9,4.6,-0.304622372,0.279657292,0.266021512
Movie Task,subject005,9,8.1,3.3,1,1,4.1,1,1,1,2.8,6.1,1.9,7.1,1.8,5,-0.304622372,0.279657292,0.266021512
Movie Task,subject006,-9,1.3,10,1,8.1,9.5,5.2,7.3,3.3,3,4.6,3.7,1,5.4,8.8,-0.304622372,0.279657292,0.266021512
Movie Task,subject006,-14,1,8.7,2,4,1.2,1,5.5,1.1,1,3,4,2.5,5.8,5.8,-0.304622372,0.279657292,0.266021512
Movie Task,subject007,5,4.4,6.1,3.3,2.3,2,7,6.5,7,3,2.1,5.9,7.1,5.4,7.8,-0.304622372,0.279657292,0.266021512
Movie Task,subject007,-5,5.8,1,1.5,1.3,1.2,1,1.3,1,3,9.7,5,8,1,10,-0.304622372,0.279657292,0.266021512
Movie Task,subject008,-9,7.8,7.8,3.8,7.8,7.9,3,3.7,5.2,8.2,7.7,7.2,7.6,3,8,-0.304622372,0.279657292,0.266021512
Movie Task,subject008,12,10,10,6.6,4.8,6.3,1,1,2.9,9.9,8.2,10,8,4.4,5.4,-0.304622372,0.279657292,0.266021512
Movie Task,subject009,-12,2.3,1.4,2.3,1,1,4,6.2,2.9,4.3,7,8,5.2,1.6,1.7,-0.304622372,0.279657292,0.266021512
Movie Task,subject009,-10,7.3,7.5,1.4,1.3,8.9,1.7,1.2,1.4,4,6.5,6.4,7.1,6.4,6.4,-0.304622372,0.279657292,0.266021512
Movie Task,subject010,6,10,2.6,1.7,5.4,1.1,9.2,10,10,1,4.5,10,1,10,7.7,-0.304622372,0.279657292,0.266021512
Movie Task,subject010,9,1,1,1,5.7,7,1,10,1,5.6,4,1,10,2.4,10,-0.304622372,0.279657292,0.266021512
Movie Task,subject011,9,4.9,4.2,4.1,4.5,4.8,6.3,2.8,5.2,3.8,5.4,4.4,6.6,2.9,7.3,-0.304622372,0.279657292,0.266021512
Movie Task,subject011,7,3.9,7.1,2.2,1.7,6,4.6,4,6.3,4.5,4,3.3,7.5,3.8,6.9,-0.304622372,0.279657292,0.266021512
Movie Task,subject012,-12,8,1,1,3,2,4.5,5.2,1,6.1,7,4.8,10,1,8.2,-0.304622372,0.279657292,0.266021512
Movie Task,subject012,8,10,10,1,1,1,1,1,1,5.7,7.9,10,10,8,2,-0.304622372,0.279657292,0.266021512
Movie Task,subject013,-5,4.7,2.2,2.7,6.8,4.6,3,6.3,4.1,7,3.1,3.9,6.9,3.1,4.7,-0.304622372,0.279657292,0.266021512
Movie Task,subject013,15,6.7,2.5,1.1,7.3,5.7,2,9,3.4,1.9,3.3,3.5,7,5.5,5.9,-0.304622372,0.279657292,0.266021512
Movie Task,subject014,-8,5.2,4,2.1,7.5,2.9,7.2,2,2.9,2.2,4.3,3.7,5.6,2.2,8,-0.304622372,0.279657292,0.266021512
Movie Task,subject014,-7,8.8,9.6,7.7,1,1,1,1.9,7.2,1.3,8.6,1.5,1,1,1.9,-0.304622372,0.279657292,0.266021512
Movie Task,subject015,-12,3.9,9,1,10,1,8.9,5.9,8.5,1,1,10,5.8,5.3,6.1,-0.304622372,0.279657292,0.266021512
Movie Task,subject015,13,10,5.7,1,10,5.5,10,10,10,1,1,5.6,5.3,5.4,5,-0.304622372,0.279657292,0.266021512
Movie Task,subject016,15,7.3,3.1,3.1,1.8,3.1,2.1,1.4,2.4,8.1,6.4,3.2,7.6,2.6,5.6,-0.304622372,0.279657292,0.266021512
Movie Task,subject016,-12,3.2,9,2.4,2.2,1.6,2.1,2.4,3.7,3,2.6,1.9,7.6,2.5,1.9,-0.304622372,0.279657292,0.266021512
Movie Task,subject017,-9,8,4,3,1,6,7.6,6.6,4.5,3,6.1,8,10,4.1,5,-0.304622372,0.279657292,0.266021512
Movie Task,subject017,-5,10,1.7,1,1,1,1,1.4,1,7,10,1,2,1,2,-0.304622372,0.279657292,0.266021512
Movie Task,subject018,-14,8.1,2.4,1.9,4,8,4.7,3,1.7,2.2,6.5,2.8,8,2.4,7,-0.304622372,0.279657292,0.266021512
Movie Task,subject018,-12,8.2,9.4,3.5,5.2,5.3,3.2,2.9,3,3.1,8.1,8.8,7,9.6,5.2,-0.304622372,0.279657292,0.266021512
Movie Task,subject019,-14,1.6,8,1,8.5,7.6,2.6,7.6,8.3,4.3,3.8,3.9,7.4,6.8,5.3,-0.304622372,0.279657292,0.266021512
Movie Task,subject019,6,3,10,3,1.8,2.5,6.2,7.8,6.1,2,1,8,7.3,9,7.5,-0.304622372,0.279657292,0.266021512
Movie Task,subject020,10,8,8.3,2.4,2.3,8,8.7,7.4,2.8,5.7,2.2,3.9,4.2,8.4,2,-0.304622372,0.279657292,0.266021512
Movie Task,subject020,14,7.7,7,2.9,3,7.1,2.8,5.9,3.9,2,6,3.5,7.3,3.8,9.4,-0.304622372,0.279657292,0.266021512
Movie Task,subject021,-14,2.5,4.5,3.4,5.8,3.9,2.3,3,1.7,4.9,3.5,5.3,5.7,3,4.1,-0.304622372,0.279657292,0.266021512
Movie Task,subject021,-15,4.9,3.9,7.5,3.7,5.9,6.5,2.6,5.8,7.5,5.6,6.7,6.7,9,8.3,-0.304622372,0.279657292,0.266021512
Movie Task,subject022,-7,10,3.4,1,1.5,2.7,10,10,3.2,8.4,8.8,3.5,8.8,10,4.4,-0.304622372,0.279657292,0.266021512
Movie Task,subject022,-15,10,7.1,1.5,2,3.7,10,10,1,4.4,2.8,9,4.6,10,4.4,-0.304622372,0.279657292,0.266021512
Movie Task,subject023,-9,5,4.3,7.1,2.7,7.6,5.4,6.8,4.5,4.7,7.8,6.6,9.4,6.3,5.1,-0.304622372,0.279657292,0.266021512
Movie Task,subject023,8,7.8,6.8,6.9,8.5,10,10,7,6.1,4.1,7.9,7.6,5.7,2.8,3.4,-0.304622372,0.279657292,0.266021512
Movie Task,subject024,-10,10,9.4,1,6.6,1.3,10,1.1,9.2,1.8,10,8.5,1,1,1.4,-0.304622372,0.279657292,0.266021512
Movie Task,subject024,-9,8.8,10,2,10,4,9,1.9,1.9,8.1,4.1,2.3,3,1,10,-0.304622372,0.279657292,0.266021512
Movie Task,subject025,8,4.2,8.4,4,4,7,6.8,4,5.6,7.8,3.4,3.9,6.8,2.6,6.8,-0.304622372,0.279657292,0.266021512
Movie Task,subject025,9,6.8,7,4,7.1,3.9,4.7,4.5,4,4.1,4.1,4.6,6.3,4.7,3.8,-0.304622372,0.279657292,0.266021512
Movie Task,subject026,-11,10,3.8,1.1,3,3,1,1,1,5,3,1,10,1,3,-0.304622372,0.279657292,0.266021512
Movie Task,subject026,-10,5.8,10,6.2,2.2,6,1,5.8,1,8,7,6.4,10,7.8,2.4,-0.304622372,0.279657292,0.266021512
Movie Task,subject027,7,5.3,1,1,10,8.7,2,1.7,1.2,10,10,1,8.3,7.8,9.1,-0.304622372,0.279657292,0.266021512
Movie Task,subject027,6,7.2,1,1.6,10,7.1,1.5,1.3,1,5.7,10,1.2,5.3,7.7,9,-0.304622372,0.279657292,0.266021512
Movie Task,subject028,-9,6.9,3.5,2,3,3.4,2.7,6.6,3.3,3.9,7.3,3.4,8.9,6.2,8.4,-0.304622372,0.279657292,0.266021512
Movie Task,subject028,12,5.8,5.5,9.8,8.9,5.3,6.2,3.7,4.9,6,5.8,3.6,6.5,6.2,6.6,-0.304622372,0.279657292,0.266021512
Movie Task,subject029,-8,7,7,7,8,9,2,4,4,6,7,9,9,7,7,-0.304622372,0.279657292,0.266021512
Movie Task,subject029,6,7,9,6,4,5,7,8,6,4,9,10,3,2,4,-0.304622372,0.279657292,0.266021512
Movie Task,subject030,11,7,3,9.6,7,8,7.1,7,1,10,9,8,10,10,8,-0.304622372,0.279657292,0.266021512
Movie Task,subject030,-5,5.8,1,1,2.9,1,5,9.3,10,9,1,1,2.3,1,1,-0.304622372,0.279657292,0.266021512
Movie Task,subject031,10,1.6,9.1,4.1,2.7,7.2,1.2,9.6,7.9,1.9,1.7,8.5,9.9,1.2,7,-0.304622372,0.279657292,0.266021512
Movie Task,subject031,-14,1.3,9,1.8,1.3,2.5,1.6,8.9,9.5,1.3,2.5,1.4,8.3,1.3,3.7,-0.304622372,0.279657292,0.266021512
Memory Task,subject001,11,9.5,10,1,4.1,10,5.4,2.6,9.3,10,9,1,10,7,10,-0.036691414,0.115884583,0.323863964
Memory Task,subject001,-13,1.9,10,1,2.4,9.8,6,2.3,3.7,6.6,7.9,5.6,9.3,8.2,8.6,-0.036691414,0.115884583,0.323863964
Memory Task,subject002,-13,4.7,9,1.6,10,1,4.1,6.3,1,9.4,4.2,9,6.5,6.9,5.3,-0.036691414,0.115884583,0.323863964
Memory Task,subject002,11,6.8,10,2.1,10,9.4,3.2,5.5,1,9.1,4.4,1.4,7,7.2,9,-0.036691414,0.115884583,0.323863964
Memory Task,subject003,6,6.4,7.5,1,1,8.4,1,1,1,8,6.3,5.4,8.5,7.2,6.9,-0.036691414,0.115884583,0.323863964
Memory Task,subject003,8,7.4,8,1,1,10,1,1,1,8.5,7.1,1,7,7.7,10,-0.036691414,0.115884583,0.323863964
Memory Task,subject004,12,8,9,1.8,1.6,9.6,1.6,6.6,3,7,2.9,2.3,7.4,2.4,9.5,-0.036691414,0.115884583,0.323863964
Memory Task,subject004,11,4.1,9,1.7,1.9,10,3,8.8,2,3,6.2,3.2,6.1,2,9.2,-0.036691414,0.115884583,0.323863964
Memory Task,subject005,-5,6.5,2,1,4.2,10,3.4,3.1,1,7.3,8.3,1,9.2,8.7,8.4,-0.036691414,0.115884583,0.323863964
Memory Task,subject005,-13,7.3,8.7,1,3.6,1,6.7,7.5,1,7.1,8,10,9.1,3,2,-0.036691414,0.115884583,0.323863964
Memory Task,subject006,-7,1,10,1,1,10,2.4,10,1,10,5.3,1,6.6,9.4,10,-0.036691414,0.115884583,0.323863964
Memory Task,subject006,-8,1,10,1,1,3.6,1,4.9,1,8.8,3.2,1,5.1,1,7.4,-0.036691414,0.115884583,0.323863964
Memory Task,subject007,9,10,10,3,1,10,2.4,3.2,2.5,9.1,9.2,1.6,8.6,8.5,10,-0.036691414,0.115884583,0.323863964
Memory Task,subject007,14,7.3,10,10,3,1.6,3.4,6.6,9,2,10,3,3.8,9.9,10,-0.036691414,0.115884583,0.323863964
Memory Task,subject008,7,8,9.1,4.5,1,10,6,5,3.1,2.6,8.8,7.8,8.6,10,10,-0.036691414,0.115884583,0.323863964
Memory Task,subject008,-13,9,4,7.2,1.8,8.3,4.2,8.5,2.9,10,8.9,4.9,2.6,8.2,8.7,-0.036691414,0.115884583,0.323863964
Memory Task,subject009,-13,2,8,3.6,1,10,1.9,2.1,2.6,6.7,4.3,2.2,3.6,7.2,10,-0.036691414,0.115884583,0.323863964
Memory Task,subject009,15,7.5,10,1,1,10,2.2,1,2.3,3,7.6,1,10,3.8,10,-0.036691414,0.115884583,0.323863964
Memory Task,subject010,13,7.1,5.8,1,4.7,10,1,10,1,10,10,1,10,5.8,10,-0.036691414,0.115884583,0.323863964
Memory Task,subject010,14,6.1,6.1,1,3.3,10,1,10,1,7,4,1,10,5.9,10,-0.036691414,0.115884583,0.323863964
Memory Task,subject011,-12,8.6,9.3,5.8,2.1,10,1.9,3.2,5.3,9.5,9.5,1,8.7,4,10,-0.036691414,0.115884583,0.323863964
Memory Task,subject011,8,7.4,8.3,1.8,4.4,7.7,3.8,6.9,4.1,9.1,8,3.1,8,4,7.8,-0.036691414,0.115884583,0.323863964
Memory Task,subject012,5,9.6,8.2,1,1,10,3.4,3.5,2.5,10,9.1,1,8,10,10,-0.036691414,0.115884583,0.323863964
Memory Task,subject012,12,8,1.1,1,1.1,9.3,7,5.5,1,7.8,6.7,1,5.1,9.4,10,-0.036691414,0.115884583,0.323863964
Memory Task,subject013,5,3.8,10,1,2.9,10,6.5,4.1,3.4,4.7,4.2,1,7.3,7.9,9.8,-0.036691414,0.115884583,0.323863964
Memory Task,subject013,-7,5.5,7.9,1,5,10,1,2.7,3.2,7.1,8.7,1,7.5,8.1,10,-0.036691414,0.115884583,0.323863964
Memory Task,subject014,-5,7.3,5,1.4,1.3,9.1,4.1,8.5,1,6.3,8.4,7.6,6.7,7.2,9.5,-0.036691414,0.115884583,0.323863964
Memory Task,subject014,-11,4.2,1,7.7,5.3,8.7,2.5,9,3,7.4,9,2.8,3.1,5.5,7.9,-0.036691414,0.115884583,0.323863964
Memory Task,subject015,9,2.6,8.2,1,3.9,10,2,1.4,1.2,6.9,4.2,1,5.9,5.5,10,-0.036691414,0.115884583,0.323863964
Memory Task,subject015,-13,1,10,1,1,8.2,1,1,1,1.1,7.1,1,5.5,5.9,8.6,-0.036691414,0.115884583,0.323863964
Memory Task,subject016,8,2.7,6.8,1.2,2,9.8,4,1.7,2,8.9,6.9,1.1,9.9,4,10,-0.036691414,0.115884583,0.323863964
Memory Task,subject016,-15,7.6,7.2,1.2,1.8,9.6,3.3,1.9,3.2,3.5,8.5,1.3,10,7.8,9.4,-0.036691414,0.115884583,0.323863964
Memory Task,subject017,11,7,7.7,1.1,2,4,7.3,4.9,2.7,3.8,7.7,2.8,4.7,5.3,8.8,-0.036691414,0.115884583,0.323863964
Memory Task,subject017,6,10,10,1,1,8,1.9,9,1.9,8.5,8.5,3,10,1.9,8.7,-0.036691414,0.115884583,0.323863964
Memory Task,subject018,6,9.1,9.3,1.9,1.7,9.1,3.2,9,1.3,1.9,9.7,1.8,9.5,9.2,7.9,-0.036691414,0.115884583,0.323863964
Memory Task,subject018,6,7,9.6,2.1,2.2,7.5,3,8.6,1.7,5.6,6,7,8.4,8.8,8.1,-0.036691414,0.115884583,0.323863964
Memory Task,subject019,-9,6.6,10,1,6.3,10,1,8.7,2.5,10,5.7,1,10,5.5,10,-0.036691414,0.115884583,0.323863964
Memory Task,subject019,13,6.5,1,1,8.9,10,4,7.9,8.2,3.8,3.9,1,1.3,10,8,-0.036691414,0.115884583,0.323863964
Memory Task,subject020,-14,2,6.4,5.6,4.1,7.7,9.4,7.7,3.9,7.9,2.9,2.1,5,3.6,9.7,-0.036691414,0.115884583,0.323863964
Memory Task,subject020,-10,9,8,8,3.3,1,9,8.2,2.5,8.2,2.7,10,2.7,3.1,4,-0.036691414,0.115884583,0.323863964
Memory Task,subject021,6,4.2,8.6,1.7,1.9,8.6,1.4,2.4,1.3,9.7,6.2,1.7,9,6.9,9.4,-0.036691414,0.115884583,0.323863964
Memory Task,subject021,-13,3.6,4.6,2,3.2,9.4,3.5,5.8,2.7,8.9,1.8,1.5,2.6,6.9,9.3,-0.036691414,0.115884583,0.323863964
Memory Task,subject022,-11,10,10,1,4.1,10,1.8,1,1.2,10,10,2,10,10,10,-0.036691414,0.115884583,0.323863964
Memory Task,subject022,-10,10,9.9,1,1.9,10,1,1,1.7,10,10,1,9.3,10,10,-0.036691414,0.115884583,0.323863964
Memory Task,subject023,-14,8.9,8,8,1.9,7.2,9.7,10,9.1,10,10,7.8,9,8.6,6,-0.036691414,0.115884583,0.323863964
Memory Task,subject023,5,6.1,8.9,8,7.8,8,10,5.4,6.1,7.1,7,7,9,7.2,7,-0.036691414,0.115884583,0.323863964
Memory Task,subject024,7,7.1,9.1,1,1.3,10,1.3,1.2,3,8.2,6.5,1,2.8,3.7,9.8,-0.036691414,0.115884583,0.323863964
Memory Task,subject024,7,7.9,9.5,1.6,1.7,1.2,2.3,1,1.9,8.6,8,10,7.3,8.9,2.3,-0.036691414,0.115884583,0.323863964
Memory Task,subject025,11,7.2,2.8,3.2,3.6,10,4.3,4.8,3.4,7.2,7.9,3.9,9,6.6,7.1,-0.036691414,0.115884583,0.323863964
Memory Task,subject025,-8,6.8,3.7,4,4.7,6.6,6.7,4.4,6.6,3,4.2,7.1,6.1,7.3,7.3,-0.036691414,0.115884583,0.323863964
Memory Task,subject026,-9,10,10,1,1,10,1,1,1,9.6,10,1,2,10,10,-0.036691414,0.115884583,0.323863964
Memory Task,subject026,-6,7,10,1,1,10,2,3.8,1,9,10,1,10,10,10,-0.036691414,0.115884583,0.323863964
Memory Task,subject027,-8,7.7,7.4,1.2,10,10,3.2,2.3,7.6,7.7,10,1,8.1,8.8,10,-0.036691414,0.115884583,0.323863964
Memory Task,subject027,-5,10,9,1,5.2,10,1,1,8,3.2,10,1,8,9.1,10,-0.036691414,0.115884583,0.323863964
Memory Task,subject028,-6,6,4,2,9,3,10,9,8,2,7,10,6,9,8,-0.036691414,0.115884583,0.323863964
Memory Task,subject028,10,2,7,2,3,7,10,10,6,10,5,4,2,3,5,-0.036691414,0.115884583,0.323863964
Memory Task,subject029,-7,8.6,3.3,1,1,10,1.5,10,5.6,5,7.6,1,3.6,8.8,10,-0.036691414,0.115884583,0.323863964
Memory Task,subject029,9,10,10,1,1,9.8,1,10,1,10,3,1,10,5.2,10,-0.036691414,0.115884583,0.323863964
Memory Task,subject030,-9,3,8.6,5,1.8,10,5.3,1,2.5,2,2.6,1,8.1,10,10,-0.036691414,0.115884583,0.323863964
Memory Task,subject030,6,3,8.9,2,1,10,1,1,5.5,6.6,7,1,7.3,10,10,-0.036691414,0.115884583,0.323863964
Memory Task,subject031,-8,8.5,9.5,1.4,1.9,10,4.5,10,1.3,4.6,4.2,1,10,8.8,9.9,-0.036691414,0.115884583,0.323863964
Memory Task,subject031,15,3.9,5.6,5.3,1.5,9,8,9.9,1.8,6.5,7.1,1,5.6,7.6,6.5,-0.036691414,0.115884583,0.323863964
Hard Math Task,subject001,5,9.4,1,10,4.7,7.4,1.5,1.2,1.3,1,3.8,1,8.1,2.2,8.9,-0.275799256,0.402382604,-0.407382308
Hard Math Task,subject001,-12,10,4,9,6,8.3,8,8,8.4,4,3,1,3.5,4,1.8,-0.275799256,0.402382604,-0.407382308
Hard Math Task,subject002,7,9,9,4.8,10,3.1,10,9,8,2.6,2.6,9.3,2.6,5,6,-0.275799256,0.402382604,-0.407382308
Hard Math Task,subject002,-7,9.1,3.7,5.5,4.6,4.5,3.3,2.5,2.4,5.6,8.4,7.5,3.4,7.3,4.5,-0.275799256,0.402382604,-0.407382308
Hard Math Task,subject003,7,10,1,10,1,1,1,10,1,10,9,5.7,5.9,1,10,-0.275799256,0.402382604,-0.407382308
Hard Math Task,subject003,-12,10,1,10,1,1,1,10,1,10,10,5.4,5.4,1,10,-0.275799256,0.402382604,-0.407382308
Hard Math Task,subject004,-12,9.5,2.9,10,9.6,3.8,1,10,1.7,10,9,1.2,6.1,1.7,10,-0.275799256,0.402382604,-0.407382308
Hard Math Task,subject004,6,10,1.3,10,10,1.8,1,10,1.2,10,10,2,6.9,1.2,10,-0.275799256,0.402382604,-0.407382308
Hard Math Task,subject005,15,10,1,10,9.3,9,1,1,1,8.7,8.4,1,4,2,10,-0.275799256,0.402382604,-0.407382308
Hard Math Task,subject005,-5,10,1,10,8,8.1,1,1,1,8.9,9.3,1,6,1,8.3,-0.275799256,0.402382604,-0.407382308
Hard Math Task,subject006,-15,6.6,1,10,5,1,1,1,1,1,4.9,1.8,5,1.1,1,-0.275799256,0.402382604,-0.407382308
Hard Math Task,subject006,13,1,1,1,6,1,1,1,1,10,5.2,1,1.3,1,1,-0.275799256,0.402382604,-0.407382308
Hard Math Task,subject007,8,3.9,2.6,8,10,7.6,5,4.5,2.2,2,6.5,3.1,5,6.2,9.6,-0.275799256,0.402382604,-0.407382308
Hard Math Task,subject007,-5,7.9,1,10,10,9.8,1.8,2.6,2,5.9,7.9,2.5,5.8,2,10,-0.275799256,0.402382604,-0.407382308
Hard Math Task,subject008,6,7.3,7.7,3.5,4.8,4.3,7.7,6,4.6,3.8,3.8,4,1,2.9,4.9,-0.275799256,0.402382604,-0.407382308
Hard Math Task,subject008,5,8,5.3,3.8,8.4,4.3,7.3,7.5,8,6.8,9.2,7.9,6.6,8.1,2,-0.275799256,0.402382604,-0.407382308
Hard Math Task,subject009,-5,7.3,1,2,5,6.3,1,1,8,8.2,8.7,1,7,1,10,-0.275799256,0.402382604,-0.407382308
Hard Math Task,subject009,14,6.2,1,10,4.8,3,2,1.6,5.1,9,7.7,1,5.2,1,9,-0.275799256,0.402382604,-0.407382308
Hard Math Task,subject010,-10,1,2.3,10,5.2,2.2,1,10,1,10,10,1,4.9,2.9,10,-0.275799256,0.402382604,-0.407382308
Hard Math Task,subject010,14,10,1.9,10,5,1.3,1,9.8,1,10,10,1,5.2,2,10,-0.275799256,0.402382604,-0.407382308
Hard Math Task,subject011,7,7.8,1,8.9,9.3,1,1.5,5.1,3.8,9.8,9.4,1,8.9,1,8.9,-0.275799256,0.402382604,-0.407382308
Hard Math Task,subject011,-13,4.3,1.7,10,9.1,1.5,1,3.1,2,8.1,8.6,1,7.9,1,9.5,-0.275799256,0.402382604,-0.407382308
Hard Math Task,subject012,6,8.2,1,10,8.2,1,7.2,2.8,1,5.4,3,1,1.2,1,3,-0.275799256,0.402382604,-0.407382308
Hard Math Task,subject012,-10,8.7,1,9.4,8.5,1,1.5,1.5,1,8.1,1.5,1,3,2.4,5,-0.275799256,0.402382604,-0.407382308
Hard Math Task,subject013,5,5.8,5.7,3.1,5.1,7.9,4.3,2.4,3.2,3.9,8.2,2,6,6.9,9.2,-0.275799256,0.402382604,-0.407382308
Hard Math Task,subject013,6,8.7,7.7,3,5.1,2.7,2.7,3.7,3.9,3.3,7.4,4.7,6.8,4.4,3,-0.275799256,0.402382604,-0.407382308
Hard Math Task,subject014,12,6.2,1.6,9.3,3,1.7,1,9,4,6.6,6.7,9.1,2.8,8,7.8,-0.275799256,0.402382604,-0.407382308
Hard Math Task,subject014,13,6.4,2.7,8.9,1.5,2.8,1.7,9.2,3.1,8.9,8,8.9,2,2.6,8.9,-0.275799256,0.402382604,-0.407382308
Hard Math Task,subject015,13,7.8,6.5,1,5.8,1,8.2,8.1,9.4,1,4.7,9.1,2.8,9.8,1,-0.275799256,0.402382604,-0.407382308
Hard Math Task,subject015,-9,8,8.4,1,5.4,1,7.5,6.8,8.4,1,2.7,9.6,2.8,8,7.1,-0.275799256,0.402382604,-0.407382308
Hard Math Task,subject016,-5,7.4,2,8.8,8.3,2.2,2.1,2.4,1.7,9.2,1.5,2,4.6,1.2,2,-0.275799256,0.402382604,-0.407382308
Hard Math Task,subject016,9,7.8,2,8.6,9,2.3,2.8,1.9,2,9,1.3,1,7.8,2,8.6,-0.275799256,0.402382604,-0.407382308
Hard Math Task,subject017,6,2.1,4,9,2,3,6,3.2,2.8,2.4,3.5,1.7,7,6.6,7,-0.275799256,0.402382604,-0.407382308
Hard Math Task,subject017,7,5.7,3,3.8,3.5,9,4.7,4.4,7,4,6.1,4.8,7,7.2,7.7,-0.275799256,0.402382604,-0.407382308
Hard Math Task,subject018,11,7,2.7,3.4,8.2,3.9,2,3,2.7,7,5,2.4,7,3,6.7,-0.275799256,0.402382604,-0.407382308
Hard Math Task,subject018,-12,5.5,3,3,7,3.5,4.1,3.6,1.8,7,5.8,3.6,7.7,3,7.2,-0.275799256,0.402382604,-0.407382308
Hard Math Task,subject019,12,8.7,7,8.6,9.4,4,9,5,5.7,6,7.1,3.7,3.1,8.5,10,-0.275799256,0.402382604,-0.407382308
Hard Math Task,subject019,13,9,6.5,4.4,2,3.5,10,7.9,9,2,2.9,7.6,6.8,8.2,2,-0.275799256,0.402382604,-0.407382308
Hard Math Task,subject020,-8,3,2.3,10,7.7,1,10,2,9.4,1,2,9,1,3,1,-0.275799256,0.402382604,-0.407382308
Hard Math Task,subject020,13,10,1.3,8.5,9.6,3,8.8,8.7,9.2,1,1.4,1.6,1,8.6,4,-0.275799256,0.402382604,-0.407382308
Hard Math Task,subject021,7,1.1,2.5,2.3,5.5,5,1,2.6,5.3,5.2,2.7,2.1,4.8,3.3,2.1,-0.275799256,0.402382604,-0.407382308
Hard Math Task,subject021,12,2.4,1.5,2.6,5.2,4,1.1,1.2,2.7,3,1.4,2.1,5.3,1.7,1.8,-0.275799256,0.402382604,-0.407382308
Hard Math Task,subject022,-6,8.8,1,10,9.5,3.5,1,1,1.7,8.5,8.3,1.1,10,1,8,-0.275799256,0.402382604,-0.407382308
Hard Math Task,subject022,15,7.6,1,10,8.7,1,1,1,1.5,10,10,1,5.3,3.9,9.2,-0.275799256,0.402382604,-0.407382308
Hard Math Task,subject023,11,1,3.1,4.7,6.6,1,2.2,4.1,2.8,3,2.5,3.7,3.5,3.6,1,-0.275799256,0.402382604,-0.407382308
Hard Math Task,subject023,14,5,2,6,7,10,3,5,9,2,8,6,8,2,5,-0.275799256,0.402382604,-0.407382308
Hard Math Task,subject024,-7,10,1,10,10,1,1,10,6.1,2.5,9.7,1,3.8,1,8.5,-0.275799256,0.402382604,-0.407382308
Hard Math Task,subject024,13,7.7,7.8,7.3,9.1,6.9,9.6,3.6,8.8,2.3,3.8,7.1,3.7,7.7,3.1,-0.275799256,0.402382604,-0.407382308
Hard Math Task,subject025,10,4.4,3.3,8.3,6.5,3,3.2,7.1,3.2,6.6,4.6,3,3.2,7.6,6.2,-0.275799256,0.402382604,-0.407382308
Hard Math Task,subject025,10,3.1,3,3.1,6.4,2,2.7,7.7,2.6,3.2,3.3,2.9,6.3,3.1,7.2,-0.275799256,0.402382604,-0.407382308
Hard Math Task,subject026,14,8,1,10,1,2.6,6.6,6.8,1,7.4,5.8,1,6.2,2,8,-0.275799256,0.402382604,-0.407382308
Hard Math Task,subject026,11,2,2.4,10,10,1,5.8,6,1,9,4,1,10,6,10,-0.275799256,0.402382604,-0.407382308
Hard Math Task,subject027,-5,10,1,10,10,1,1,1,1.1,10,10,1.3,5,3.3,8,-0.275799256,0.402382604,-0.407382308
Hard Math Task,subject027,-13,10,1,8.6,10,7,7.1,5.3,5,8.9,10,1.9,2,1,8,-0.275799256,0.402382604,-0.407382308
Hard Math Task,subject028,6,4,8,6,6,7.3,4,9,7,10,4,5,8,8,6,-0.275799256,0.402382604,-0.407382308
Hard Math Task,subject028,-9,2,8,4,7,8,4,3,2,9,2,9,10,2,6,-0.275799256,0.402382604,-0.407382308
Hard Math Task,subject029,-10,5,8,8,8,9,4,8,6,3,7,2,9,8,3,-0.275799256,0.402382604,-0.407382308
Hard Math Task,subject029,11,2,5.1,8,2.5,2.1,7.9,7.7,1.5,1.9,2.6,6.3,6.3,2.2,8.8,-0.275799256,0.402382604,-0.407382308
Hard Math Task,subject030,8,10,6,5.4,10,10,10,1,8.5,8.6,7.6,2.5,1,10,10,-0.275799256,0.402382604,-0.407382308
Hard Math Task,subject030,5,10,10,6,5.7,10,10,3.5,9.3,6,5.6,6,1.8,9,10,-0.275799256,0.402382604,-0.407382308
Hard Math Task,subject031,13,2.9,1,9.1,1.8,1.2,2.1,10,8.3,1.9,7.9,1.7,2.4,1.7,9.2,-0.275799256,0.402382604,-0.407382308
Hard Math Task,subject031,9,8.7,1.3,10,1.8,2.9,1.6,10,1.5,9.5,8.3,1.6,2.5,1.8,9.4,-0.275799256,0.402382604,-0.407382308
GoNoGo Task,subject001,9,8,1,1,10,1,7.5,8.9,4.8,1.5,2,2.1,1,5,2,-0.317026634,0.036363877,-0.159409951
GoNoGo Task,subject001,-12,4.7,1,6.8,8,1,1,2,1.3,3.2,1.8,1,6.1,2.6,3,-0.317026634,0.036363877,-0.159409951
GoNoGo Task,subject002,-7,5.2,1,1,4,9.2,5.8,4,3.3,4.2,6.1,2.3,3.8,4.7,2.3,-0.317026634,0.036363877,-0.159409951
GoNoGo Task,subject002,-8,6.7,8,1.3,7.6,4,7.8,8,1,3.2,7.3,8.5,4.7,9.2,5.1,-0.317026634,0.036363877,-0.159409951
GoNoGo Task,subject003,-11,8.6,1,6.6,1,5.6,2,8.8,1.6,4.6,4.6,8.1,5.7,8,1.8,-0.317026634,0.036363877,-0.159409951
GoNoGo Task,subject003,7,5.8,7.7,4.2,1,1,7,3.1,1,4.3,4.8,8.1,6.6,7,2.4,-0.317026634,0.036363877,-0.159409951
GoNoGo Task,subject004,12,2.2,1.7,1.8,2,2.5,3.6,3.1,2,1.7,1.5,1.2,4.5,1.6,1,-0.317026634,0.036363877,-0.159409951
GoNoGo Task,subject004,7,2.5,2.7,3,9.6,1.4,1.8,6.6,1.9,1.7,1.6,1.8,5.8,1.6,1.4,-0.317026634,0.036363877,-0.159409951
GoNoGo Task,subject005,-11,7.8,1,10,1,2.7,3.5,1,3.4,2.9,8.2,1,3.6,2.9,2.2,-0.317026634,0.036363877,-0.159409951
GoNoGo Task,subject005,-8,10,1,10,1,7.8,1,1,1,8.9,9.3,1,7.5,2.1,8.5,-0.317026634,0.036363877,-0.159409951
GoNoGo Task,subject006,12,1,1.1,1,6,1,1,1,1,1,1,1,5.4,1,1,-0.317026634,0.036363877,-0.159409951
GoNoGo Task,subject006,-8,2.3,1,1,10,5.4,1,2.8,1,3,1,1,5.4,2.5,3.7,-0.317026634,0.036363877,-0.159409951
GoNoGo Task,subject007,-14,8.2,2,9.8,10,1.8,6.2,6,9.1,7,4.8,7.8,4,7.7,1.2,-0.317026634,0.036363877,-0.159409951
GoNoGo Task,subject007,5,9,1.3,7.1,2,1.7,7.7,5.8,8,3.4,2.1,7.6,5.4,3.5,4.6,-0.317026634,0.036363877,-0.159409951
GoNoGo Task,subject008,-12,3.7,2.2,3.1,2.1,2.9,6.5,3.1,3,9,4,2.3,3.7,1.9,5.5,-0.317026634,0.036363877,-0.159409951
GoNoGo Task,subject008,-12,2.8,2.2,5.4,3.3,3.6,3.9,6.5,2.9,3.2,3.5,2.6,2.9,2.3,3.6,-0.317026634,0.036363877,-0.159409951
GoNoGo Task,subject009,11,2.2,1,1.7,1,1,1,1.3,7.5,1,3,1,2,1,1,-0.317026634,0.036363877,-0.159409951
GoNoGo Task,subject009,-12,2.9,1,1,1,1,2.7,6.5,7.2,3.5,1,1.4,1,1,2.1,-0.317026634,0.036363877,-0.159409951
GoNoGo Task,subject010,15,10,1,2.1,4.6,1.3,2,9.3,1,9,5.1,3.6,2.5,2.2,1,-0.317026634,0.036363877,-0.159409951
GoNoGo Task,subject010,6,6,3.5,4.4,6,3.2,6.7,6.6,3,3,3.4,9,2.3,7.6,5.5,-0.317026634,0.036363877,-0.159409951
GoNoGo Task,subject011,13,4.9,2,2.1,3.5,3,5.4,3.5,4,3.1,2,5.7,5.6,1.8,5.5,-0.317026634,0.036363877,-0.159409951
GoNoGo Task,subject011,-10,6.3,5.9,3.7,2.5,5.8,9,2.3,8,6.7,1.4,7.7,5.6,5.2,5.2,-0.317026634,0.036363877,-0.159409951
GoNoGo Task,subject012,10,9.3,1,1.2,1,1,1.6,1.4,10,9.2,9.5,2,7.4,1,1.4,-0.317026634,0.036363877,-0.159409951
GoNoGo Task,subject012,-15,10,1,1,1,1,1,1,1,9.6,9.9,1.5,9.2,1,5,-0.317026634,0.036363877,-0.159409951
GoNoGo Task,subject013,-13,8.8,8.5,5.8,5.1,1,7.2,3.3,2.9,3.5,3.8,7.4,8.2,6.8,2.9,-0.317026634,0.036363877,-0.159409951
GoNoGo Task,subject013,14,7.9,7.5,3.4,5.9,2.9,7,7.2,2.5,2.6,4.6,6.5,5.4,7.7,8.2,-0.317026634,0.036363877,-0.159409951
GoNoGo Task,subject014,-14,9,1,9.2,1,1.5,1,9.4,2.9,10,8.9,2,5.7,2,7.3,-0.317026634,0.036363877,-0.159409951
GoNoGo Task,subject014,12,3.5,1.2,9.1,1,5.5,1,9.1,3.3,9.9,9,2.3,6,7.7,9.5,-0.317026634,0.036363877,-0.159409951
GoNoGo Task,subject015,-13,8,5.4,1,5.4,3.2,8,5.8,8.1,1,9.2,9.2,4.9,5.2,5.6,-0.317026634,0.036363877,-0.159409951
GoNoGo Task,subject015,12,9.4,1,1,4.8,5,7.4,6.6,7.5,1,5.1,2.5,2.4,6,1,-0.317026634,0.036363877,-0.159409951
GoNoGo Task,subject016,6,2,2.4,2.9,7.8,3,8.2,6.1,6.5,8,2.8,3.5,7.2,7.9,7.6,-0.317026634,0.036363877,-0.159409951
GoNoGo Task,subject016,-14,7.7,2.7,1.7,3,4.1,5,8.4,9,2.8,6.5,4.3,6.1,8.9,8,-0.317026634,0.036363877,-0.159409951
GoNoGo Task,subject017,12,5.7,6.9,2.6,1,8,7,4,2,6.5,8,7,4.1,6.7,6,-0.317026634,0.036363877,-0.159409951
GoNoGo Task,subject017,-15,8,9.3,1.1,1,8,9.1,8,4.3,1,10,3.1,4.7,10,9.5,-0.317026634,0.036363877,-0.159409951
GoNoGo Task,subject018,-14,3.2,5.2,3,7.5,2.3,7.5,3.6,2.3,2.6,2.6,2.9,5.9,4.9,3.6,-0.317026634,0.036363877,-0.159409951
GoNoGo Task,subject018,-13,3,2.8,2.5,5.4,2.9,8.2,7.4,2.5,3.1,2.9,3.2,8,5.7,6.4,-0.317026634,0.036363877,-0.159409951
GoNoGo Task,subject019,14,8,3.7,3.4,9.5,10,9,3.9,5.9,4,2.3,3,7.1,7.8,4,-0.317026634,0.036363877,-0.159409951
GoNoGo Task,subject019,-15,3,3,3.2,8.4,3,10,2,7.2,3.2,9,4.6,4.8,3.4,3,-0.317026634,0.036363877,-0.159409951
GoNoGo Task,subject020,-10,6,3.1,7.9,2.6,2.8,9,7.4,2.2,3,2.3,8.1,6.7,8.4,1.9,-0.317026634,0.036363877,-0.159409951
GoNoGo Task,subject020,-15,3.2,7.1,3.2,2.7,3.6,8.1,9,3.4,8,4.7,8.1,6.7,5,3.4,-0.317026634,0.036363877,-0.159409951
GoNoGo Task,subject021,7,8.8,8.9,7.8,2.6,3.1,9.8,7.4,7.6,4.1,9,8.7,3.2,9.1,8.1,-0.317026634,0.036363877,-0.159409951
GoNoGo Task,subject021,9,7.8,6.8,8.7,3.5,2.9,8.6,8.1,7.5,8.4,8.1,8.7,2.3,9,6.7,-0.317026634,0.036363877,-0.159409951
GoNoGo Task,subject022,-7,10,1,4.7,8.6,1.8,8.9,10,3,5,8.3,9.5,10,10,1.7,-0.317026634,0.036363877,-0.159409951
GoNoGo Task,subject022,14,10,1,4.4,9.2,2.2,10,9.5,1,6.5,7.5,8.3,10,10,4.1,-0.317026634,0.036363877,-0.159409951
GoNoGo Task,subject023,-11,2.9,6.7,1,9.9,3.4,5.5,9,9.5,5.5,10,4.1,10,1,8.4,-0.317026634,0.036363877,-0.159409951
GoNoGo Task,subject023,10,7.5,5.2,6.1,7.4,7.2,10,10,3.7,9.4,1.5,6.5,3.9,1.7,5.1,-0.317026634,0.036363877,-0.159409951
GoNoGo Task,subject024,-15,8.9,9.2,7.1,7.7,1.9,8.1,3.6,2.4,8.5,8.4,8,5.2,7.7,3.3,-0.317026634,0.036363877,-0.159409951
GoNoGo Task,subject024,14,9.4,10,4,9.6,1.4,7.1,2.4,3.1,3.1,7.7,7.1,9.2,8.8,2.7,-0.317026634,0.036363877,-0.159409951
GoNoGo Task,subject025,7,6.9,3.5,3.2,4.6,3.2,4.4,6.4,4.2,2.8,4.5,3.5,5.6,1.2,2,-0.317026634,0.036363877,-0.159409951
GoNoGo Task,subject025,-11,9,10,1.7,2.6,10,9.2,2.5,8.8,1.5,9.9,2.4,3.8,7.1,7.6,-0.317026634,0.036363877,-0.159409951
GoNoGo Task,subject026,-6,5,1.4,7.2,3,3.2,4,3,2,5.6,3,4.8,2.8,4,3,-0.317026634,0.036363877,-0.159409951
GoNoGo Task,subject026,6,4.4,1.2,3.2,4,2.4,2.2,3,1,1.8,2.2,2.4,1.8,2.8,7,-0.317026634,0.036363877,-0.159409951
GoNoGo Task,subject027,14,7,1.2,2.7,7.6,4.8,8,8.7,1.7,7.8,10,5.1,5,5.4,10,-0.317026634,0.036363877,-0.159409951
GoNoGo Task,subject027,-8,9,1.7,6,10,9,9,9.7,1.7,9,10,4.5,5,3,9.7,-0.317026634,0.036363877,-0.159409951
GoNoGo Task,subject028,12,8,5,5,3,5,7,2,2,5,3,8,7,7,2,-0.317026634,0.036363877,-0.159409951
GoNoGo Task,subject028,5,4,6,5,3,4,3,6,4,4,8,9,6,3,5,-0.317026634,0.036363877,-0.159409951
GoNoGo Task,subject029,-6,8.4,1,7,4,1.7,1.2,1.9,1,8.6,8.1,1,4.5,5.7,2.6,-0.317026634,0.036363877,-0.159409951
GoNoGo Task,subject029,-6,6,9,9,6,7,4.8,2,2,8.4,6.3,4.4,1,1.1,10,-0.317026634,0.036363877,-0.159409951
GoNoGo Task,subject030,-15,1,1,3,10,1,7.7,1.4,1,10,1,1,5.5,10,1,-0.317026634,0.036363877,-0.159409951
GoNoGo Task,subject030,6,6,4,2,2,10,7.8,6,2,6,1,8,8,7,7,-0.317026634,0.036363877,-0.159409951
GoNoGo Task,subject031,13,9.2,1,8.7,9.1,6.4,1.3,10,7.9,3.8,8.6,2.2,1.7,5.2,1.8,-0.317026634,0.036363877,-0.159409951
GoNoGo Task,subject031,14,4.5,1,7.4,9,2.6,1.7,9.7,2.8,1.7,2,7.3,6.2,3.1,3.6,-0.317026634,0.036363877,-0.159409951
Friend Task,subject001,14,9.5,10,1,1,5,5.3,4.5,9,1.3,6.5,6.3,9,7,9.5,0.066232149,0.061472746,0.208836055
Friend Task,subject001,9,9.2,9.4,4.6,2.2,4.2,8.9,6.9,4,1,7.7,7.4,3.3,8.2,5.7,0.066232149,0.061472746,0.208836055
Friend Task,subject002,13,8,9,1,10,7.9,6,7,2,3.8,5.6,8.9,9.2,6.7,8,0.066232149,0.061472746,0.208836055
Friend Task,subject002,8,9,9.6,2.2,9.4,7.7,1,2,1.4,2.2,2.7,6.1,9.6,5.2,8.9,0.066232149,0.061472746,0.208836055
Friend Task,subject003,14,8.8,10,1.8,1,10,1.9,7.6,1.4,9,6,1,8.2,3.1,8.4,0.066232149,0.061472746,0.208836055
Friend Task,subject003,11,8.4,10,2.4,1,10,1,8.8,1.5,9.1,7,1,9,4,9.9,0.066232149,0.061472746,0.208836055
Friend Task,subject004,-10,7.3,9.7,1.3,8.8,9.3,1,9.5,4.9,9.7,8,2,10,2.8,10,0.066232149,0.061472746,0.208836055
Friend Task,subject004,8,9.4,9.8,1.3,9.6,9.4,1.3,9.5,2.2,9.3,8.5,2.9,10,1.8,10,0.066232149,0.061472746,0.208836055
Friend Task,subject005,12,10,8.9,1,8.3,9.2,1,1,1,9,10,1.6,8.3,1.9,10,0.066232149,0.061472746,0.208836055
Friend Task,subject005,11,8.8,9.2,1,8.7,10,2.6,1,2,7.5,10,4,6.9,2.2,10,0.066232149,0.061472746,0.208836055
Friend Task,subject006,-12,1,10,1,4,10,1,1,1,7.1,5.6,1.2,4.7,1,9.4,0.066232149,0.061472746,0.208836055
Friend Task,subject006,-5,2.9,10,1,3.8,9.1,1,1,1,8.7,3,3,3.4,1.4,9.2,0.066232149,0.061472746,0.208836055
Friend Task,subject007,9,1.9,10,1.2,8.7,7.7,1.5,2,1.5,10,8.3,10,10,4,10,0.066232149,0.061472746,0.208836055
Friend Task,subject007,5,5.6,10,4,1.7,10,2.2,1,2,10,8,7.3,10,5.5,10,0.066232149,0.061472746,0.208836055
Friend Task,subject008,-7,7.6,1.5,4.1,8.5,10,4,5.8,6.1,9.8,7.2,8.2,8,3,9,0.066232149,0.061472746,0.208836055
Friend Task,subject008,-11,7.4,10,3.7,9.1,8.9,4,6.4,3.8,5.2,8.4,7.7,9.4,7.4,9.1,0.066232149,0.061472746,0.208836055
Friend Task,subject009,11,9,10,5,1,10,1,1,3,10,10,1,8.6,5.9,10,0.066232149,0.061472746,0.208836055
Friend Task,subject009,-7,8.2,10,2.9,2.1,10,1,1,1.4,10,10,1,8.7,9.3,10,0.066232149,0.061472746,0.208836055
Friend Task,subject010,-8,4,8.8,1,5,7.3,4.4,7.9,1,8,8,7.2,3.8,3.3,10,0.066232149,0.061472746,0.208836055
Friend Task,subject010,-15,4.3,8.9,5.4,5,6.3,5,7,1,6.5,5.6,7.7,3.6,2.5,8.1,0.066232149,0.061472746,0.208836055
Friend Task,subject011,-11,8,9.9,5.2,4.6,7.6,2.1,2.9,4.8,7.9,8.1,2.4,8,3.3,9.9,0.066232149,0.061472746,0.208836055
Friend Task,subject011,-11,5.4,9.8,3.8,3.6,9.4,1.9,2.3,4.9,8.1,8.7,1,8.3,1.1,9.5,0.066232149,0.061472746,0.208836055
Friend Task,subject012,5,10,10,1,10,10,1,1.3,1,10,7.4,1,10,1,10,0.066232149,0.061472746,0.208836055
Friend Task,subject012,9,10,10,1,10,10,1,1,1,9,8.4,1.5,10,1.6,10,0.066232149,0.061472746,0.208836055
Friend Task,subject013,-9,7.8,9.1,3.9,5.4,5.2,2.7,8.2,1.9,8,7.4,4.8,8,3.5,6.9,0.066232149,0.061472746,0.208836055
Friend Task,subject013,-5,7.2,8.9,3.4,4.6,5.3,2.3,5.1,3.6,3.8,7.1,6.5,8.2,2.8,10,0.066232149,0.061472746,0.208836055
Friend Task,subject014,-13,7,10,1.7,2.4,8.4,1.1,2.7,1,9.6,9.5,3.3,10,4.6,9,0.066232149,0.061472746,0.208836055
Friend Task,subject014,-7,6.1,9.2,2,1.6,9.5,1,4.4,1.5,8.8,8.8,2.9,9.4,3.6,9.2,0.066232149,0.061472746,0.208836055
Friend Task,subject015,13,1.6,8.3,1,10,1,1.6,10,1,3.2,7.3,1,9,1.8,10,0.066232149,0.061472746,0.208836055
Friend Task,subject015,12,2.2,10,1,10,10,1,1,1,2.4,7.3,1,10,1,10,0.066232149,0.061472746,0.208836055
Friend Task,subject016,9,1.2,10,1.5,8.9,1.9,2.5,1.6,2.1,2.1,2.9,1,8.6,1,1.4,0.066232149,0.061472746,0.208836055
Friend Task,subject016,9,3.8,8.9,2.2,2,2.2,1.4,2.2,2,2,7,2.4,8.7,2.7,8.2,0.066232149,0.061472746,0.208836055
Friend Task,subject017,12,3.2,6.8,2.8,1,3.6,8,5,4.7,4,3.7,2.6,5,10,4.5,0.066232149,0.061472746,0.208836055
Friend Task,subject017,-7,6,7.7,2,1,3,8.1,6,4.1,2,7,3.8,6,6.1,8,0.066232149,0.061472746,0.208836055
Friend Task,subject018,-8,7.8,9,3.7,4.1,8.1,2.3,3,2.2,8,8,2.6,7.5,7.4,8.1,0.066232149,0.061472746,0.208836055
Friend Task,subject018,-11,8.2,9.2,2.8,4.5,9,3.7,2.7,2.2,7.3,8.1,3,6.9,7.2,9.1,0.066232149,0.061472746,0.208836055
Friend Task,subject019,13,2,10,5.3,7.5,8.2,5.1,3.3,9,5.2,7.7,7.3,10,4.3,7.3,0.066232149,0.061472746,0.208836055
Friend Task,subject019,14,8.4,4.1,4.1,7.4,8.5,10,5.9,3.7,4.3,5,4.9,3.8,1,6.1,0.066232149,0.061472746,0.208836055
Friend Task,subject020,-11,8.3,7.6,3.2,7.6,3.4,10,6.1,9.1,2.8,3,9,7,8.5,2.8,0.066232149,0.061472746,0.208836055
Friend Task,subject020,-15,4.2,4.4,2.7,2.4,9.6,7,10,6.3,10,8.6,9,1,10,4.4,0.066232149,0.061472746,0.208836055
Friend Task,subject021,8,3.6,7.5,3.8,2.8,8.5,4.7,2.6,2.8,6.5,7.4,3.6,8.4,3,7.6,0.066232149,0.061472746,0.208836055
Friend Task,subject021,-8,3.9,7.3,3.3,3.4,7.3,2.8,2,3.7,7.4,6.2,2.2,7.1,3.7,7.4,0.066232149,0.061472746,0.208836055
Friend Task,subject022,-11,10,9.9,1.3,10,10,2,5.9,3.5,3.5,10,10,10,7.2,10,0.066232149,0.061472746,0.208836055
Friend Task,subject022,5,10,10,1,10,6,1.9,3,1.5,9,7,4.5,10,1,9,0.066232149,0.061472746,0.208836055
Friend Task,subject023,-8,8.1,3.6,7.2,5,5.2,9.6,4.1,3.3,8.8,5.7,5.3,6.2,5.4,3.3,0.066232149,0.061472746,0.208836055
Friend Task,subject023,9,9,5.1,4,6.6,4.5,8.4,6,6.4,9,5.1,10,8.2,10,6.9,0.066232149,0.061472746,0.208836055
Friend Task,subject024,-5,10,10,1,9.6,6.7,3.3,9.4,2.3,2.5,2.9,2,7.1,6.8,8.8,0.066232149,0.061472746,0.208836055
Friend Task,subject024,-11,9,10,1,9,7,7.9,7,4.5,2.5,8.9,1.9,3,9.5,7.8,0.066232149,0.061472746,0.208836055
Friend Task,subject025,-9,6.8,7.5,3.6,4,7.8,3.4,6.7,2.2,3,5.4,3,6.4,3.1,7.4,0.066232149,0.061472746,0.208836055
Friend Task,subject025,13,7.2,7.2,4.3,6.8,3.7,4,4.1,4.5,6.6,3.1,3.1,5.4,3,6.8,0.066232149,0.061472746,0.208836055
Friend Task,subject026,-7,4,10,1,10,8,2,2,2,8.2,10,3,8,5.2,10,0.066232149,0.061472746,0.208836055
Friend Task,subject026,-11,4,10,5,8,7,3,2.4,1,9.4,6.8,5.6,7,4.8,8.2,0.066232149,0.061472746,0.208836055
Friend Task,subject027,15,9.9,10,1,6.3,8.5,8,1,1,8.5,9.7,1.6,7.3,2.2,10,0.066232149,0.061472746,0.208836055
Friend Task,subject027,10,6.3,9.9,1,8.3,6.8,4.1,1.4,7.7,5.6,10,1,5.2,1.9,10,0.066232149,0.061472746,0.208836055
Friend Task,subject028,-13,4.8,3,2.1,2.2,7.9,7.1,9,8,6.1,3.6,6.9,2,3.7,4,0.066232149,0.061472746,0.208836055
Friend Task,subject028,-13,7,8,5,4,4,2,9,10,5,9,5,9,6,6.6,0.066232149,0.061472746,0.208836055
Friend Task,subject029,-5,8,9.8,1,1,8.4,1.5,1,1,10,8.8,6.5,10,1,8.6,0.066232149,0.061472746,0.208836055
Friend Task,subject029,13,10,9.7,1.9,1,8.9,1,1,1.8,9.5,6.7,5.6,10,1.3,8.8,0.066232149,0.061472746,0.208836055
Friend Task,subject030,5,8,10,1,5.9,10,1,1,1,10,7,1,7.1,9.7,10,0.066232149,0.061472746,0.208836055
Friend Task,subject030,-7,10,10,1,5.4,10,1,1,6,8,6,1,3.2,7,10,0.066232149,0.061472746,0.208836055
Friend Task,subject031,14,8.5,9.8,1.3,8.8,9.2,1.7,2.4,2,4.2,9,3.7,7.8,1.8,10,0.066232149,0.061472746,0.208836055
Friend Task,subject031,-6,7.8,9.8,1.6,7.6,9.5,2.6,2.5,2.2,7,3.1,3,9.4,1.9,9.2,0.066232149,0.061472746,0.208836055
Finger Tapping Task,subject001,-8,1.5,3.5,10,4.7,1,7.9,3.9,1.4,2.5,4.2,1,1.5,1,8,-0.090963611,-0.241336271,-0.170440706
Finger Tapping Task,subject001,10,10,9.4,9.1,6,9.9,10,10,9.6,1.6,4.3,8.4,1.7,9.7,8.2,-0.090963611,-0.241336271,-0.170440706
Finger Tapping Task,subject002,-8,6.6,1.8,4,3.3,2.8,6.5,8,1.7,4,1.9,8.6,7,9.2,7,-0.090963611,-0.241336271,-0.170440706
Finger Tapping Task,subject002,9,7,5.8,2.8,7.9,4,7,7,1.6,2.4,2.4,7.9,7.3,8,4,-0.090963611,-0.241336271,-0.170440706
Finger Tapping Task,subject003,-15,2.9,1,2.3,1,1,2.1,7.2,5.7,4.6,2,7.4,4.3,6.5,8.8,-0.090963611,-0.241336271,-0.170440706
Finger Tapping Task,subject003,-7,8.3,1,5.9,1,7,1,8.9,2,8.2,4.3,8.2,5.3,7,3.9,-0.090963611,-0.241336271,-0.170440706
Finger Tapping Task,subject004,5,1.6,2,1.6,2.9,3.6,1,10,1.7,1,3.3,2,6.8,3.1,2.2,-0.090963611,-0.241336271,-0.170440706
Finger Tapping Task,subject004,-5,2.5,4.2,3.8,6.7,7.9,2.9,8.2,2.5,1.8,3.8,2,5,1.3,9,-0.090963611,-0.241336271,-0.170440706
Finger Tapping Task,subject005,-6,6.6,1,9.4,1,1,4.3,1,7.2,4.5,7.1,1,4.8,3.8,2.1,-0.090963611,-0.241336271,-0.170440706
Finger Tapping Task,subject005,-5,8.6,1,10,1,6,1,1,2,8.4,8.4,1,6.8,3.6,7.3,-0.090963611,-0.241336271,-0.170440706
Finger Tapping Task,subject006,8,1,6.1,1,1,1,1,1,1,5,1,3.6,4.4,4.7,3,-0.090963611,-0.241336271,-0.170440706
Finger Tapping Task,subject006,8,1,1,1,1,1,1,1,1,1,1,1,3.6,1,8.3,-0.090963611,-0.241336271,-0.170440706
Finger Tapping Task,subject007,-11,1.4,1,7,1.1,1.7,1.7,2,1.5,9.7,5.6,1.5,5.3,5,3.8,-0.090963611,-0.241336271,-0.170440706
Finger Tapping Task,subject007,5,5.3,1.6,10,1.5,6.7,2.2,6,4.2,7.2,5,4,5.2,5.7,8.6,-0.090963611,-0.241336271,-0.170440706
Finger Tapping Task,subject008,-15,8.7,3.3,7.4,6.9,3.7,3.4,3.4,3.6,8,3.9,5.3,7.5,7.5,6.2,-0.090963611,-0.241336271,-0.170440706
Finger Tapping Task,subject008,-11,7.4,3.2,7.3,3.3,5.4,3.3,4,3.2,7.9,4.6,3.9,8,7.9,5.4,-0.090963611,-0.241336271,-0.170440706
Finger Tapping Task,subject009,-15,1.9,1,1,1,1,1.8,3.6,8.4,1.8,1,1,1.6,1.2,1,-0.090963611,-0.241336271,-0.170440706
Finger Tapping Task,subject009,12,2.4,1,1.1,1,1,7,2.7,3.1,1,1,1.2,2.3,1,3.9,-0.090963611,-0.241336271,-0.170440706
Finger Tapping Task,subject010,6,1,1,1.1,5.4,1.8,1.7,10,1,10,1,1.6,2.9,1.9,5.2,-0.090963611,-0.241336271,-0.170440706
Finger Tapping Task,subject010,-11,8.5,1.6,1,5,1.2,1,10,1,10,10,2.1,2.1,1.5,4.9,-0.090963611,-0.241336271,-0.170440706
Finger Tapping Task,subject011,-14,3.3,1.9,4,8.5,4.8,4.5,1.1,2.4,4.2,7.2,3,7.4,2.3,9.4,-0.090963611,-0.241336271,-0.170440706
Finger Tapping Task,subject011,11,3.7,4.2,3.5,5.6,2.8,4.9,4,4.9,4.7,6,6.2,7.4,3.9,8.2,-0.090963611,-0.241336271,-0.170440706
Finger Tapping Task,subject012,6,8.8,1,1,5.4,1.2,1,1,1.1,5.5,2.2,3.2,10,6.3,3.3,-0.090963611,-0.241336271,-0.170440706
Finger Tapping Task,subject012,13,8.6,1,3.4,5.5,4.7,1,1,1,7.5,4.5,3.9,8,4,6.8,-0.090963611,-0.241336271,-0.170440706
Finger Tapping Task,subject013,7,3.2,6.2,4.6,6.1,5,2.9,8.5,1.7,4.7,5.8,1,6.4,7.3,6.9,-0.090963611,-0.241336271,-0.170440706
Finger Tapping Task,subject013,11,6,6.8,6.2,5,3.2,8,7.1,3.1,2.2,7.3,5.3,5.1,7.1,6,-0.090963611,-0.241336271,-0.170440706
Finger Tapping Task,subject014,15,2.2,7.9,7.9,6.8,3.3,3.7,8,4.8,5.2,3.4,8,5,3.6,7.7,-0.090963611,-0.241336271,-0.170440706
Finger Tapping Task,subject014,5,5.8,8.3,3.7,4,8.2,7.4,9.5,3,5.4,7,4,6.2,5.9,8.6,-0.090963611,-0.241336271,-0.170440706
Finger Tapping Task,subject015,-10,10,1,1,10,1,9,4,7,1,1,2,5.5,3.7,4.9,-0.090963611,-0.241336271,-0.170440706
Finger Tapping Task,subject015,-7,8.9,1,1,10,1,7.7,5.2,8,1,1.1,1,5,8.5,1,-0.090963611,-0.241336271,-0.170440706
Finger Tapping Task,subject016,14,8.1,3.6,1.5,2.1,2.7,7.6,8,2,7,4.7,3,9.1,7.8,8,-0.090963611,-0.241336271,-0.170440706
Finger Tapping Task,subject016,10,7.3,5.2,1.7,2.7,3.4,8.2,6.9,4.4,2.9,8,7,5.7,5.9,7.9,-0.090963611,-0.241336271,-0.170440706
Finger Tapping Task,subject017,-11,8.8,5.3,2,5,1,4.9,5.1,6.3,7.8,2,5,7.7,2,3,-0.090963611,-0.241336271,-0.170440706
Finger Tapping Task,subject017,8,8.4,2,3.9,2.7,4.9,6.6,4,4.9,7.7,6.4,4.3,6,3.3,6.3,-0.090963611,-0.241336271,-0.170440706
Finger Tapping Task,subject018,13,3.7,2.3,2.8,8.3,2,6.1,3.8,2.3,3,3.1,4.5,5.8,6.2,7.5,-0.090963611,-0.241336271,-0.170440706
Finger Tapping Task,subject018,13,2,2.9,2.4,5.8,3.9,2.3,3.3,1.8,2.8,3.8,3,7.9,3.3,5.4,-0.090963611,-0.241336271,-0.170440706
Finger Tapping Task,subject019,6,6.8,9,2,9.9,9.8,9,7.4,2.5,3,3.4,1,3,4,8,-0.090963611,-0.241336271,-0.170440706
Finger Tapping Task,subject019,12,10,3.5,2,9,8.7,10,9.3,9,3,1.1,4.3,4.7,5.8,8.2,-0.090963611,-0.241336271,-0.170440706
Finger Tapping Task,subject020,-13,2.8,3.6,6,2.4,3.5,4.8,3,2.2,8.1,1.4,2.3,5.5,9,2.5,-0.090963611,-0.241336271,-0.170440706
Finger Tapping Task,subject020,-10,2.6,8.4,10,2.3,4.7,3,7.8,8,3,1.3,7.6,10,4.3,6.5,-0.090963611,-0.241336271,-0.170440706
Finger Tapping Task,subject021,13,9,6.8,6.7,3.9,6.7,9.7,2.9,5.5,3.4,8.2,8.7,8,6.9,7.3,-0.090963611,-0.241336271,-0.170440706
Finger Tapping Task,subject021,11,8.6,7.1,7.3,3.3,3,6.7,7.4,5.8,3.9,6.3,7.9,4.2,7,6.4,-0.090963611,-0.241336271,-0.170440706
Finger Tapping Task,subject022,-9,10,3.2,3.2,10,2.5,10,10,1.7,3.8,7,8.5,9,10,6.9,-0.090963611,-0.241336271,-0.170440706
Finger Tapping Task,subject022,-13,10,1,1,8.7,1,10,7.8,1.9,4.1,5.5,8.1,10,10,3.1,-0.090963611,-0.241336271,-0.170440706
Finger Tapping Task,subject023,8,7,8,4,6,6,6,9,3,9,7,6,4,7,5,-0.090963611,-0.241336271,-0.170440706
Finger Tapping Task,subject023,10,4,10,10,4.6,7.9,2.5,9.4,8.4,2,3.6,10,6.3,3.7,6.6,-0.090963611,-0.241336271,-0.170440706
Finger Tapping Task,subject024,-5,7.9,1,8.8,10,2.1,6.1,1.9,2.6,8.2,2,10,5.2,6.8,8.2,-0.090963611,-0.241336271,-0.170440706
Finger Tapping Task,subject024,-12,8.2,8.3,6.5,10,2.9,7.7,8.4,3.7,8,5.5,9.1,6.1,8.1,2.9,-0.090963611,-0.241336271,-0.170440706
Finger Tapping Task,subject025,5,2.4,2,2.7,3.6,3.6,3.9,6.5,6.9,1.9,2,3.6,3.9,6,3.7,-0.090963611,-0.241336271,-0.170440706
Finger Tapping Task,subject025,-5,8.4,6.8,2.2,3.1,10,10,2.9,8.9,3.9,8.7,1,4.3,1,7.3,-0.090963611,-0.241336271,-0.170440706
Finger Tapping Task,subject026,11,3,2,2,2,3,1.8,3,1,3.4,2,1,4,1,2.6,-0.090963611,-0.241336271,-0.170440706
Finger Tapping Task,subject026,11,6.6,3,2,2.8,2,7,6.8,5.8,2,2,4,5.6,3.6,3,-0.090963611,-0.241336271,-0.170440706
Finger Tapping Task,subject027,15,5,3.3,8.6,9.3,5.5,8.2,7.2,3,9,9.7,7.8,5.3,3.9,9.4,-0.090963611,-0.241336271,-0.170440706
Finger Tapping Task,subject027,-15,9.1,1,2.5,4,5,8.8,9.4,5.4,7,9.9,1.1,5.5,4.8,9,-0.090963611,-0.241336271,-0.170440706
Finger Tapping Task,subject028,-5,4,6,2,10,3,8,9,2,2,2,3,3,2,8,-0.090963611,-0.241336271,-0.170440706
Finger Tapping Task,subject028,10,4,9,10,7,6,8,2,8,8,2,6,10,8,4,-0.090963611,-0.241336271,-0.170440706
Finger Tapping Task,subject029,8,9.9,1.2,2,3,3.6,3,1.8,1.5,8,8,4,9.7,8,9,-0.090963611,-0.241336271,-0.170440706
Finger Tapping Task,subject029,-7,5,2.5,6,1,1.5,1.3,3,2.3,7.8,8,3,7.9,1,6.3,-0.090963611,-0.241336271,-0.170440706
Finger Tapping Task,subject030,6,10,8.7,1.5,1.5,10,10,1,1.6,5.2,10,7.9,8.8,10,10,-0.090963611,-0.241336271,-0.170440706
Finger Tapping Task,subject030,-8,8,9,3.9,3,9,9.2,1.6,8.5,3,3,6,6,2,9,-0.090963611,-0.241336271,-0.170440706
Finger Tapping Task,subject031,-10,8.8,1,10,10,1,1,10,3.2,1.7,1.7,10,8.8,7.7,1.8,-0.090963611,-0.241336271,-0.170440706
Finger Tapping Task,subject031,8,1.2,1,10,10,1,1.1,10,7.1,2.9,1.5,9.2,8.7,2.1,1.7,-0.090963611,-0.241336271,-0.170440706
Easy Math Task,subject001,5,1.7,7.6,2.2,3.8,2,8.7,7.9,8,6.8,4,3.5,1.8,5,7.6,-0.124954138,0.332221971,-0.020870498
Easy Math Task,subject001,-5,10,3,2,5.1,2,9,3,3.9,8.8,9,2.1,7.2,6.6,3.1,-0.124954138,0.332221971,-0.020870498
Easy Math Task,subject002,-6,10,1.4,7.3,10,6.8,3.4,1.6,3,8.5,6.6,6.8,7.9,6,10,-0.124954138,0.332221971,-0.020870498
Easy Math Task,subject002,-14,9.5,3.4,8,10,7.1,2.5,1.9,1,8.7,7.1,8.4,10,3,6.4,-0.124954138,0.332221971,-0.020870498
Easy Math Task,subject003,5,8.5,1,10,1,1.7,1.1,10,1,10,8.6,1.7,5.5,1,10,-0.124954138,0.332221971,-0.020870498
Easy Math Task,subject003,-13,8.2,7,5.8,1,1,1.8,5.7,1,4.8,4.4,7.8,6,7.9,4.2,-0.124954138,0.332221971,-0.020870498
Easy Math Task,subject004,-10,6.5,1.9,8,10,2,2,9.8,1.6,8.8,9.5,3.3,5.4,2,9.1,-0.124954138,0.332221971,-0.020870498
Easy Math Task,subject004,-15,7.5,2.5,8.4,10,1.7,2,10,2.9,10,8.8,2.4,5.3,1.8,9.1,-0.124954138,0.332221971,-0.020870498
Easy Math Task,subject005,8,10,1,10,8.8,10,1,1,1,10,8.7,1,10,1,10,-0.124954138,0.332221971,-0.020870498
Easy Math Task,subject005,-12,10,1,10,10,10,1,1,1,10,9,1,8.2,1,10,-0.124954138,0.332221971,-0.020870498
Easy Math Task,subject006,-10,8,1,1,9,1,9,1.8,1,4,1,4,2.5,9,1,-0.124954138,0.332221971,-0.020870498
Easy Math Task,subject006,-9,7.7,1,1,5.3,1,4.9,1,1,3,1,1,4.1,1,1,-0.124954138,0.332221971,-0.020870498
Easy Math Task,subject007,12,9.1,2.5,6.8,1,6.6,6.4,6.2,4.1,3.7,2.9,3.5,7.5,1.8,10,-0.124954138,0.332221971,-0.020870498
Easy Math Task,subject007,5,6.6,7,5.5,2,7.8,9.7,7,6.7,3,4,6.8,5.7,5,10,-0.124954138,0.332221971,-0.020870498
Easy Math Task,subject008,-6,9,1,7.1,9.6,8,1,1,5.5,9,7,6.8,7.5,1,6,-0.124954138,0.332221971,-0.020870498
Easy Math Task,subject008,-13,7,5.5,6.2,7.2,5.3,3.8,10,6.1,6.4,7,5.7,7.3,7.2,5.7,-0.124954138,0.332221971,-0.020870498
Easy Math Task,subject009,7,1,1,10,5,1,3,1.6,2,10,10,1,6.3,1,10,-0.124954138,0.332221971,-0.020870498
Easy Math Task,subject009,10,3.9,1,10,5.3,1,1.6,1.3,7,10,10,1,5.6,1,10,-0.124954138,0.332221971,-0.020870498
Easy Math Task,subject010,-7,8.7,1.4,10,5.3,1.3,1,10,1,5.1,6,1,7,1.4,10,-0.124954138,0.332221971,-0.020870498
Easy Math Task,subject010,14,10,2.2,10,5.4,1.6,1,10,1,10,10,1,6,1.7,10,-0.124954138,0.332221971,-0.020870498
Easy Math Task,subject011,-11,5.4,1.7,9.8,8,3,2.8,1.7,3.6,9.2,6.9,1.4,8.7,2.4,7,-0.124954138,0.332221971,-0.020870498
Easy Math Task,subject011,11,7.3,2.8,8.9,7.5,2.1,2.7,3,3.9,6.8,6,3.8,7.5,7,9.9,-0.124954138,0.332221971,-0.020870498
Easy Math Task,subject012,-13,10,1,9.8,9.1,6.5,1,1,1,9,9,1,8,1.8,10,-0.124954138,0.332221971,-0.020870498
Easy Math Task,subject012,-8,9.3,1,9.9,7,7.2,1.3,1,1,9.5,9,1,10,1,9.9,-0.124954138,0.332221971,-0.020870498
Easy Math Task,subject013,8,2.8,6.8,2,6.3,5.5,3.7,7.7,3.3,3.1,8,2.3,5.8,6.6,4.8,-0.124954138,0.332221971,-0.020870498
Easy Math Task,subject013,9,6.9,5.5,4.8,6.3,3.8,3.1,4.3,4.2,4.3,6,5,7,6,6.9,-0.124954138,0.332221971,-0.020870498
Easy Math Task,subject014,7,6.9,1,10,1,8.9,1,9.1,2,9.3,9,9.2,5.8,3.3,10,-0.124954138,0.332221971,-0.020870498
Easy Math Task,subject014,6,7,1,9.5,2,9.4,1,9.4,2.5,6.1,8.8,8.1,6.1,3.5,8.5,-0.124954138,0.332221971,-0.020870498
Easy Math Task,subject015,-9,2.8,2.8,1,10,1,6.7,4,4.6,1,1,3,5.1,5.5,7,-0.124954138,0.332221971,-0.020870498
Easy Math Task,subject015,-6,8.1,4,1,10,1,8.6,8.7,10,1,1,7.3,1.3,10,8,-0.124954138,0.332221971,-0.020870498
Easy Math Task,subject016,11,7.8,1.1,8.9,8.3,1,2.7,2.7,1.4,8.6,2,1.7,2.4,1,10,-0.124954138,0.332221971,-0.020870498
Easy Math Task,subject016,9,3.1,2.9,2.2,9,2.2,2.9,9,2.3,2.8,2.4,2.1,10,2,7.7,-0.124954138,0.332221971,-0.020870498
Easy Math Task,subject017,12,7.8,8,2,2.6,2,7.6,2,4,4,4.9,6.5,7.4,7.4,6,-0.124954138,0.332221971,-0.020870498
Easy Math Task,subject017,-8,5.1,6.9,3.3,4.9,6.3,6.8,4.7,4.7,5.7,3.3,5.2,7.2,6.9,6.4,-0.124954138,0.332221971,-0.020870498
Easy Math Task,subject018,8,5,7,3.5,8,4,3,5,3,5,7,5,8,6,4,-0.124954138,0.332221971,-0.020870498
Easy Math Task,subject018,6,4.1,5.1,3.3,9.1,4.7,4.7,3.3,2.2,5.4,6,4,8,6.1,7.9,-0.124954138,0.332221971,-0.020870498
Easy Math Task,subject019,14,10,2.2,3.9,8.6,3,4.8,1,7.5,7,5,8.2,3.8,7.9,4,-0.124954138,0.332221971,-0.020870498
Easy Math Task,subject019,-12,5,8.3,5.3,8,2.4,8.5,2,6.3,7,2.7,8.9,3.7,8.1,6.9,-0.124954138,0.332221971,-0.020870498
Easy Math Task,subject020,-12,6.9,7,4.1,10,10,9,7.7,1,1,1.1,1,7.9,8.8,10,-0.124954138,0.332221971,-0.020870498
Easy Math Task,subject020,-7,8.6,2,2.4,2.9,4,9,8,1,7.5,6.1,1,8.6,8.1,7.7,-0.124954138,0.332221971,-0.020870498
Easy Math Task,subject021,-5,7.2,6.9,7.2,3.1,6.4,7,2.1,3.2,2.8,7,7.1,6.7,7.4,7.3,-0.124954138,0.332221971,-0.020870498
Easy Math Task,subject021,-15,8.6,7.2,6.6,6.5,6.7,7.3,3.1,6,3.2,6.8,7.9,7,7.2,7.7,-0.124954138,0.332221971,-0.020870498
Easy Math Task,subject022,15,7,2.8,2.4,5,2,3.1,7.3,8.2,9.1,1.7,7.8,10,10,3.7,-0.124954138,0.332221971,-0.020870498
Easy Math Task,subject022,-15,8.9,8.3,1.1,8.6,1.8,4.5,8.4,1.8,9,2.7,10,7.7,10,2.1,-0.124954138,0.332221971,-0.020870498
Easy Math Task,subject023,-14,1.1,6.5,1,3.8,3.7,6.4,1,1.6,1,6.3,5.7,6.3,4.7,2,-0.124954138,0.332221971,-0.020870498
Easy Math Task,subject023,-6,2.3,4.6,4.6,7.2,6.1,6.2,4.3,5.7,4.8,4.2,6.6,6.7,3,1.5,-0.124954138,0.332221971,-0.020870498
Easy Math Task,subject024,-11,10,1,10,10,1.9,1,9.3,1.1,10,10,1,5.3,1,10,-0.124954138,0.332221971,-0.020870498
Easy Math Task,subject024,8,9.7,1,9.5,10,1,1,10,8.4,10,9.9,1,5.2,1,10,-0.124954138,0.332221971,-0.020870498
Easy Math Task,subject025,-5,7.3,2.5,3.5,4.1,3.9,8,3,2.8,3.7,4,3.8,6.9,3.9,6.9,-0.124954138,0.332221971,-0.020870498
Easy Math Task,subject025,-9,6.7,8.3,4.4,4.3,7,7.2,3.3,7,2.3,7.2,4.3,5.1,2.8,4.3,-0.124954138,0.332221971,-0.020870498
Easy Math Task,subject026,-14,4.8,1,10,3.4,6,1,8,1,9.4,8,2.6,6.2,8,10,-0.124954138,0.332221971,-0.020870498
Easy Math Task,subject026,-15,8,2.8,10,1,4,2.4,2,4,10,7.2,3.4,7.6,3,10,-0.124954138,0.332221971,-0.020870498
Easy Math Task,subject027,7,7.2,4.1,7.1,10,7,7.2,6.1,5,8.1,10,8.5,6.3,2,9.4,-0.124954138,0.332221971,-0.020870498
Easy Math Task,subject027,9,8.6,5.1,7,10,6.6,8.5,1.9,5.4,6.2,9.6,6.4,5,8.6,9.1,-0.124954138,0.332221971,-0.020870498
Easy Math Task,subject028,-11,8,6,10,6,10,4,3,9,9,5,8,9,9,8,-0.124954138,0.332221971,-0.020870498
Easy Math Task,subject028,-7,9,4,6,4,3,10,6,6,10,4,9,8,6,5,-0.124954138,0.332221971,-0.020870498
Easy Math Task,subject029,-12,10,8,10,5,2,5.7,3,1,9,6.6,1.7,5.4,1.6,3,-0.124954138,0.332221971,-0.020870498
Easy Math Task,subject029,6,8.5,1.5,9,5.4,1.1,5,1.5,2.3,9.8,6.7,8.5,7.8,2.9,6.5,-0.124954138,0.332221971,-0.020870498
Easy Math Task,subject030,6,8.4,10,1,8.8,10,7.2,1,9.9,5,8.6,8,2.3,8.6,10,-0.124954138,0.332221971,-0.020870498
Easy Math Task,subject030,12,10,10,2.5,4.4,10,10,1,9.1,4.1,6.8,10,4.4,10,10,-0.124954138,0.332221971,-0.020870498
Easy Math Task,subject031,-6,8.4,1,9.4,3.9,6.3,1.6,9.5,1.2,7.1,8.6,1.1,6.6,1.2,7.6,-0.124954138,0.332221971,-0.020870498
Easy Math Task,subject031,12,9.1,1,10,3.1,1.4,1.7,10,1.4,5.1,7.3,1.6,7.6,1,9.4,-0.124954138,0.332221971,-0.020870498
