Task_name,Participant #,Runtime_mod,Absorption_response,Other_response,Problem_response,Words_response,Sounds_response,Images_response,Past_response,Distracting_response,Focus_response,Intrusive_response,Deliberate_response,Detailed_response,Future_response,Emotion_response,Self_response,Knowledge_response,Gradient 1,Gradient 2,Gradient 3,FAC1_1,FAC2_1,FAC3_1,FAC4_1
You Task,17,11,5.9,8,3.3,8.7,5.6,1,4.5,1,1,3,5.6,1.9,1,5.5,10,10,-0.068702623,0.051618542,0.14160951,-0.39622,-0.81089,0.7363,0.52024
You Task,17,13,8.1,5.4,1,10,7.3,1,9.5,1,3.2,6.5,3.1,2.5,2,5.5,9,9.3,-0.068702623,0.051618542,0.14160951,-0.42284,-0.239,1.2411,0.23818
You Task,17,-10,6.6,1,1,10,6.3,1,6.3,1,3.5,1,5.5,4.6,1,5,10,6.8,-0.068702623,0.051618542,0.14160951,-0.04692,-1.03458,0.22356,0.38429
Friend Task,17,13,10,10,1,7.4,7,7.6,9,1,5.6,3.3,8.4,4.9,1,5.8,1.1,10,0.066229557,0.061472443,0.208842324,0.27085,-1.19668,1.95897,0.34933
Friend Task,17,11,7.4,10,1,10,3,8.6,7.9,1,5.6,3.6,5.7,6.8,1,8.6,3.1,10,0.066229557,0.061472443,0.208842324,0.19133,-1.13045,1.99375,0.81487
Friend Task,17,-13,10,10,2,10,2,9.3,2.9,1.5,5.5,2.8,6.1,6.9,1,5.2,1,10,0.066229557,0.061472443,0.208842324,0.30536,-1.45646,1.54155,0.01954
Two-Back Task-faces,17,-10,10,8,8.9,10,1.2,10,8,1,2,1.8,8.4,10,8.2,5.5,5.3,10,-0.025340712,0.386745896,-0.434225517,1.77182,-0.69998,0.83058,0.24677
Two-Back Task-faces,17,8,9.5,7.7,10,10,1,8.6,9,1,8.7,2,10,10,10,5.6,5.8,10,-0.025340712,0.386745896,-0.434225517,2.19458,-0.31356,0.77525,-0.7176
Two-Back Task-scenes,17,-15,10,1,10,10,1,7.8,7.4,2.2,9,1.8,10,8.6,8.2,5,2.5,7.5,-0.130999829,0.464204275,-0.426960277,2.07969,-0.64866,-0.28688,-1.07118
Two-Back Task-scenes,17,12,10,1,8.1,10,1,9.5,7.5,1,6.4,2.4,9,10,8,5.6,5.7,10,-0.130999829,0.464204275,-0.426960277,2.17564,-0.58127,0.02076,-0.16795
Easy Math Task,17,-15,10,1,10,10,1,1,7.5,1,9,1,10,7.9,1,2.7,6.4,10,-0.124954138,0.332221971,-0.020870498,2.15036,-1.54345,-0.13976,-1.7136
Easy Math Task,17,-6,9,10,10,10,1,1,10,7.5,6.5,8.6,4.8,9.2,8.5,1.8,10,8,-0.124954138,0.332221971,-0.020870498,0.78722,1.25285,0.80711,-1.86467
Easy Math Task,17,-6,10,1,10,10,1,3,8.2,1,8,1,10,10,1,3,3.1,10,-0.124954138,0.332221971,-0.020870498,2.33103,-1.75104,-0.02879,-1.42807
Hard Math Task,17,-11,10,1,10,10,1,1,6.4,1,10,1,10,10,1,1,2.3,8.7,-0.275798122,0.402380589,-0.407389088,2.17291,-1.79411,-0.31487,-2.15384
Hard Math Task,17,5,3.1,5.7,10,10,1,6.5,10,4.5,10,10,10,4,1,1,7.3,7.2,-0.275798122,0.402380589,-0.407389088,0.30264,0.03483,1.11581,-2.00235
Hard Math Task,17,-5,10,1,10,10,1,4,10,2.2,10,1,10,10,1,3.2,4.1,10,-0.275798122,0.402380589,-0.407389088,2.34398,-1.50024,0.31002,-1.66701
Reading Task,17,5,2.8,1.1,1,10,1,3.8,6.5,1,8.3,2.9,3.1,5,1,7.4,6.3,9.4,-0.19586954,-0.014883893,0.326889586,-0.23315,-1.16232,0.61876,-0.02367
Reading Task,17,-12,2.7,5.9,1,10,5,5.6,7,1,6.2,1.7,3.3,3.1,1,8.1,2.1,10,-0.19586954,-0.014883893,0.326889586,-0.7157,-1.34728,1.45595,0.37995
Reading Task,17,11,7.4,1,1,10,1,8.3,7.1,1,6.1,3.7,1.9,4.1,1,6.5,1,10,-0.19586954,-0.014883893,0.326889586,-0.16694,-1.50156,1.03763,-0.11307
Memory Task,17,11,3.1,10,1,8.5,8,8.2,10,4.2,3.1,1,8.8,8,1,10,9.8,10,-0.036691414,0.115884583,0.323863964,0.12466,-0.3512,1.96996,2.05266
Memory Task,17,5,8.3,7.4,7.1,10,5.4,10,10,1,5.9,3.3,8,8.1,2.8,2.2,10,10,-0.036691414,0.115884583,0.323863964,1.05999,-0.47715,1.70065,-0.37716
Memory Task,17,6,3,8.7,6.9,10,1,3,6.1,2.8,4.2,4.6,3.7,8.8,10,1,10,5.8,-0.036691414,0.115884583,0.323863964,-0.16364,0.3353,0.43873,-1.00242
One-Back Task,17,12,10,1,7.7,10,1,4.7,4.8,1,10,1,10,10,4,6.3,1.7,8.6,-0.009918255,-0.030028992,-0.537272264,2.19219,-1.29735,-0.47144,-0.7124
One-Back Task,17,-7,10,1,7.3,10,1,2.6,6.4,1,10,1,10,10,1,7.5,1.8,10,-0.009918255,-0.030028992,-0.537272264,2.32171,-1.62296,-0.24013,-0.58854
One-Back Task,17,8,9.6,1,9.1,10,1,2.1,4.9,1,10,1,10,10,6.2,8,2.1,8,-0.009918255,-0.030028992,-0.537272264,2.38442,-0.94606,-0.9822,-0.5952
Zero-Back Task,17,-12,5.2,1,8,7.7,1,7.7,10,6.3,4,6.5,2.8,2.8,7.6,4.7,4.3,10,0.092938821,-0.060981931,-0.389395513,-0.11079,0.30739,0.35693,-0.87967
Zero-Back Task,17,10,3.1,1,2.5,10,1,8.2,7,1,4.8,7.3,2.9,2.3,7.5,4.6,5,8.7,0.092938821,-0.060981931,-0.389395513,-0.65125,-0.27013,0.61573,-0.2702
Zero-Back Task,17,13,2,1,1.7,10,1,6.3,3.8,3.2,4.6,8.4,1,2.7,4.7,2.3,9.5,2.6,0.092938821,-0.060981931,-0.389395513,-1.66501,0.31132,0.01401,-0.41561
GoNoGo Task,17,8,3.4,1,7.4,8,1,5.9,3.6,7.3,2.9,8.8,3.1,1,1,1.7,8.6,3.2,-0.31702636,0.036362577,-0.159410417,-1.34135,0.43367,-0.47134,-0.90027
GoNoGo Task,17,-9,8.7,1,5.4,6.1,1,10,7.3,1,10,1,10,7.1,1.1,5.6,1,10,-0.31702636,0.036362577,-0.159410417,1.45497,-1.66854,0.34471,-0.43851
GoNoGo Task,17,-12,6,1,3.8,9.7,1,6.3,4.4,10,3.3,7.1,1.8,7.9,5.6,1,10,6.9,-0.31702636,0.036362577,-0.159410417,-0.53479,0.88171,0.08319,-0.8702
Finger Tapping Task,17,12,5,1,1,10,1,6,1.4,1,8.1,1.9,8.8,4.5,8,5,10,1.8,-0.090963574,-0.241336366,-0.170440839,-0.09036,-0.38401,-0.59533,0.0142
Finger Tapping Task,17,-9,8.5,10,2.7,10,1,6.2,6.6,2.5,5.2,1,3,4.7,6.7,10,10,4.9,-0.090963574,-0.241336366,-0.170440839,-0.22417,-0.11866,1.02712,0.73964
Finger Tapping Task,17,-6,3,9,1.8,5.7,4.8,2.7,2.5,2.1,4,3.6,2.1,3,6.5,10,5,4.7,-0.090963574,-0.241336366,-0.170440839,-1.31762,0.224,-0.17672,1.28821
Movie Task-incept,17,7,3.5,4,7.8,5.4,1,4.1,2.1,5.4,4.2,6,2,3.1,3.1,5,2,1.9,-0.293453447,0.376771714,0.156545561,-1.1949,0.07481,-1.06966,-0.43099
Movie Task-incept,17,7,3.5,4,7.8,5.4,1,4.1,2.1,5.4,4.2,6,2,3.1,3.1,5,2,1.9,-0.293453447,0.376771714,0.156545561,-1.1949,0.07481,-1.06966,-0.43099
Movie Task-bridge,17,5,1,1,1,9.3,3,6.5,2.6,1.1,7,6.4,2,2.3,3.5,5.5,1,2.6,-0.055046289,0.280933569,0.317858122,-1.59456,-0.51639,-0.17409,-0.01186
Movie Task-bridge,17,5,1,1,1,9.3,3,6.5,2.6,1.1,7,6.4,2,2.3,3.5,5.5,1,2.6,-0.055046289,0.280933569,0.317858122,-1.59456,-0.51639,-0.17409,-0.01186
You Task,18,-9,3,1,7,4.8,3,1,10,5.3,1,10,5,5.3,10,5.3,10,10,-0.068702623,0.051618542,0.14160951,0.15333,1.35677,-0.73038,0.21927
You Task,18,11,1,1,5,1,1,1,10,10,1,5.4,5.9,1,10,5.3,10,10,-0.068702623,0.051618542,0.14160951,-0.80073,0.99937,-0.6435,-0.15464
You Task,18,-10,5.3,1,5.4,1,1,1,10,5.6,1,5.7,5.9,1,10,5.1,10,10,-0.068702623,0.051618542,0.14160951,-0.16873,0.6189,-0.77563,-0.06981
Friend Task,18,9,5.8,10,5.5,4.6,3.9,7.4,10,5.2,8.3,6.3,5.7,5.2,2.6,5.4,4.4,9.9,0.066229557,0.061472443,0.208842324,-0.14852,0.19179,1.45208,-0.4411
Friend Task,18,-6,6.1,10,8.8,10,10,6.9,10,1.4,5.6,8.3,6.1,5.8,10,7,10,10,0.066229557,0.061472443,0.208842324,0.64996,1.56544,1.13989,0.49967
Friend Task,18,5,6.1,10,9.5,10,10,10,10,1,10,5.8,10,10,10,9.4,10,10,0.066229557,0.061472443,0.208842324,1.77877,1.47393,1.10284,0.92734
Movie Task-bridge,18,-7,5.5,2.3,6,1.9,5.4,5.5,2.6,4.5,5.4,2.9,5.4,2,2.1,8.9,10,5.2,-0.055046289,0.280933569,0.317858122,-0.43147,0.50832,-1.23837,1.14693
Movie Task-bridge,18,-7,5.5,2.3,6,1.9,5.4,5.5,2.6,4.5,5.4,2.9,5.4,2,2.1,8.9,10,5.2,-0.055046289,0.280933569,0.317858122,-0.43147,0.50832,-1.23837,1.14693
Movie Task-incept,18,-5,5.2,4.8,8.4,4.8,4.8,3.5,3.2,4.9,5.5,5,6.1,6,6.2,8,3.6,1.8,-0.293453447,0.376771714,0.156545561,-0.0699,0.74408,-1.42273,0.49038
Movie Task-incept,18,-5,5.2,4.8,8.4,4.8,4.8,3.5,3.2,4.9,5.5,5,6.1,6,6.2,8,3.6,1.8,-0.293453447,0.376771714,0.156545561,-0.0699,0.74408,-1.42273,0.49038
Zero-Back Task,18,11,10,1,9.7,5.3,1,9.7,1,1,1,5.6,9.5,10,8.5,9.1,8.5,5.7,0.092938821,-0.060981931,-0.389395513,1.91106,0.56887,-2.08963,1.92003
Zero-Back Task,18,-15,8.5,1.1,7.9,7.8,2.6,10,3.4,3.5,4,5.2,7.9,8.3,9,7.9,10,7.7,0.092938821,-0.060981931,-0.389395513,1.37211,0.85409,-0.95007,1.05125
Zero-Back Task,18,9,10,3.9,8.4,9.4,7.8,10,5.6,3.9,2.5,5.3,9,7.3,5.9,8.1,9.3,9.1,0.092938821,-0.060981931,-0.389395513,1.42687,0.79149,-0.01078,1.30772
One-Back Task,18,-13,7.8,1,9.8,2,1,10,1,1,1,7.3,9.8,10,4.9,9.5,3.7,10,-0.009918255,-0.030028992,-0.537272264,1.87059,0.12197,-2.02475,2.0852
One-Back Task,18,-15,7.9,2.1,8.5,6.8,1,10,2.1,2,2.5,6.1,7.2,4.7,4.1,7.1,2.6,5.3,-0.009918255,-0.030028992,-0.537272264,0.5264,-0.29582,-0.98863,0.69662
One-Back Task,18,13,8.6,2.2,9.8,8.2,6.5,8.5,7.9,4.3,5.5,7.2,8.6,9.3,8.4,9,8.5,9.2,-0.009918255,-0.030028992,-0.537272264,1.81192,1.36692,-0.46253,0.96982
Hard Math Task,18,-10,10,3.6,9.4,6.3,9,2.4,2.5,4.6,3.7,9,9.9,10,8.9,9.8,5.6,9.9,-0.275798122,0.402380589,-0.407389088,1.97106,1.70048,-1.66239,1.42389
Hard Math Task,18,14,8,1.7,10,9,7.8,4.6,4.7,2,5.6,6.2,9.8,10,8.2,9.3,9,10,-0.275798122,0.402380589,-0.407389088,2.19201,1.07848,-1.1146,1.14385
Hard Math Task,18,15,7.5,3.2,8.6,6.5,7.8,8.5,4.3,5.6,5.5,7.7,9.4,8.8,9.1,9.4,5.5,10,-0.275798122,0.402380589,-0.407389088,1.46802,1.56887,-0.81062,1.23407
Easy Math Task,18,15,5.1,2.3,7.1,5.3,4.3,3.9,2.3,4,6.1,4.5,4.2,6.6,6.2,10,7.9,9.3,-0.124954138,0.332221971,-0.020870498,0.51262,0.79858,-1.23076,0.98886
Easy Math Task,18,10,7.2,4.2,5,6.1,6.2,2.9,4.2,6.5,6.4,7,7,4.7,6.2,8.3,7.6,5,-0.124954138,0.332221971,-0.020870498,0.03216,1.26245,-0.76171,0.54572
Easy Math Task,18,-7,6.1,6,4.5,7,8.2,4.2,6.5,8.1,7.6,6.3,5.7,6.1,5.7,7.1,5.7,5.7,-0.124954138,0.332221971,-0.020870498,-0.25057,1.28213,0.15035,0.14896
Memory Task,18,12,6.9,10,8,9.8,8.4,10,10,9.1,7.9,9,6.1,4.9,8.2,3.6,10,10,-0.036691414,0.115884583,0.323863964,0.01912,2.03574,1.85231,-0.83885
Memory Task,18,6,7.4,10,7,9,8.3,10,10,9,7.3,6,4,5.9,10,6.4,10,10,-0.036691414,0.115884583,0.323863964,0.04372,2.0153,1.65949,-0.15697
Memory Task,18,-9,8.2,10,9.9,7,10,9.9,10,4.7,7,7.1,9.4,6.7,7.2,4.6,9.6,10,-0.036691414,0.115884583,0.323863964,0.9981,1.47342,1.19679,0.00929
Reading Task,18,7,8.3,10,8.8,10,9,9.2,9.2,4.6,5,7.9,9,8.9,10,5.9,8.6,10,-0.19586954,-0.014883893,0.326889586,1.24746,1.57208,1.14125,0.41369
Reading Task,18,8,8.8,9.1,8.5,8.7,8.4,10,9.4,5.9,4.9,7.8,7.5,9.5,9,6.3,7.2,9.4,-0.19586954,-0.014883893,0.326889586,1.079,1.59121,0.9911,0.49804
Reading Task,18,-11,8.2,9,9.4,5.9,10,10,10,7,8,6,9.9,8.1,9,7.1,9.5,10,-0.19586954,-0.014883893,0.326889586,1.24896,1.90785,0.81955,0.43465
Two-Back Task-faces,18,-8,10,2.9,9.9,4.5,6.4,10,2.6,4.3,7.3,6.3,7.5,5.6,2.1,8,3.7,7.4,-0.025340712,0.386745896,-0.434225517,0.95083,0.61984,-0.91467,0.61016
Two-Back Task-faces,18,15,10,2.6,7,4.9,4.5,10,3.7,6.1,4,7.1,8.7,6.5,3,6.1,4.5,8.4,-0.025340712,0.386745896,-0.434225517,0.84254,0.46931,-0.51207,0.62482
Two-Back Task-scenes,18,14,7.4,2.7,7.5,4.9,7.5,10,5.8,5.4,8,6.4,8.3,8,4.4,7.6,4.9,8.1,-0.130999829,0.464204275,-0.426960277,0.93399,0.95989,-0.37976,0.72134
Two-Back Task-scenes,18,13,6.8,2,5.1,5.1,6.5,10,10,5.8,8,4.7,8.2,6.7,6.8,6.2,4.9,9.9,-0.130999829,0.464204275,-0.426960277,0.73732,0.57831,0.45564,0.15462
Finger Tapping Task,18,-9,9.2,3,8.1,7.9,6.8,5.9,5.5,6.1,8.9,6.7,8.9,8,4,6.2,8.9,4.8,-0.090963574,-0.241336366,-0.170440839,1.04056,1.16155,-0.53093,-0.0023
Finger Tapping Task,18,-8,2.6,3.4,3.9,2.9,2.9,3.8,2.9,4.2,4.6,4.4,3.5,2,7.9,5.8,3.2,1.9,-0.090963574,-0.241336366,-0.170440839,-1.41068,0.33527,-1.1941,0.16082
Finger Tapping Task,18,-8,2,1.4,1.8,2.2,2,1.4,1.9,3.1,1.7,3,2.6,2.2,1.7,6.7,2.8,2,-0.090963574,-0.241336366,-0.170440839,-1.6415,-0.73751,-1.46359,0.84879
GoNoGo Task,18,8,1.4,1.2,2.8,2.5,1.1,1.1,1.5,1.8,2.7,2.5,2.2,1.5,2.7,5.7,1.3,2.9,-0.31702636,0.036362577,-0.159410417,-1.59918,-1.04074,-1.48629,0.29673
GoNoGo Task,18,11,1.1,1.3,1.9,1.7,2.2,2,1.2,4.3,1.2,2.7,2,1.2,1.5,5.4,2,2,-0.31702636,0.036362577,-0.159410417,-2.05208,-0.75619,-1.43345,0.57233
GoNoGo Task,18,-6,1.9,1.5,1.6,1.7,1.7,2,2,1.7,2,2.5,1,1.3,1.5,5.1,1.7,1.8,-0.31702636,0.036362577,-0.159410417,-1.97604,-1.06756,-1.30019,0.46569
Finger Tapping Task,subject001,9,6,1.8,2.8,3.3,7.4,2.7,2,3.4,7.9,3.4,2.3,8.1,7.6,8.4,8.3,4.8,-0.090963574,-0.241336366,-0.170440839,-0.15592,1.14231,-1.51165,1.11042
Finger Tapping Task,subject001,7,5.4,6.5,7.2,9.2,2.7,5.1,6.1,6.6,5.9,4.8,7.4,8.7,5,5.1,7.8,7,-0.090963574,-0.241336366,-0.170440839,0.52874,0.39345,0.29892,-0.31284
Finger Tapping Task,subject001,9,7.3,3.2,4.2,6.8,3.1,6.5,3.1,3.2,6.3,6,3.3,4.1,2.8,5,5.2,8.3,-0.090963574,-0.241336366,-0.170440839,-0.26268,-0.07364,-0.04069,-0.15616
GoNoGo Task,subject001,10,6.8,5,6.9,6.7,3.6,4.8,2.9,6.7,7.5,7.5,6.6,7.8,6.5,3.5,7.2,3.1,-0.31702636,0.036362577,-0.159410417,0.06606,1.16878,-0.75161,-0.54621
GoNoGo Task,subject001,-12,7.6,2.6,6.6,7.4,3.4,4.1,5,5.4,7,4.7,4.6,7.1,3,7.7,7.1,7.5,-0.31702636,0.036362577,-0.159410417,0.54472,0.34778,-0.46096,0.11888
GoNoGo Task,subject001,-14,5.6,3,3.6,6.6,3.6,3.5,4.7,7,7.3,4.4,4.8,3.8,2.8,5.1,6.9,5.3,-0.31702636,0.036362577,-0.159410417,-0.62144,0.22785,-0.14832,-0.46713
Friend Task,subject001,-8,6.7,9.4,7.9,7,3,6.2,6.9,6.3,7.6,5.9,5,7.2,4.1,4.8,5.4,9.5,0.066229557,0.061472443,0.208842324,0.26238,0.45345,0.85753,-0.74184
Friend Task,subject001,14,8.3,9.9,7.3,8.8,2.5,2.3,9,6.1,5.3,6,8.9,9,5.3,4.4,2.8,10,0.066229557,0.061472443,0.208842324,1.05225,-0.09254,0.9593,-0.88729
Friend Task,subject001,-12,5,7.3,3.6,9.3,3,4,9.4,6.3,6,5.5,5.1,5,6.6,4.7,3.4,5.2,0.066229557,0.061472443,0.208842324,-0.58189,0.13126,1.02485,-0.78235
You Task,subject001,-13,8,7.2,3,7.5,6.7,5.6,5.1,3.1,5.5,2.8,5.3,3.8,5,5,7.7,8.7,-0.068702623,0.051618542,0.14160951,-0.19612,-0.02691,0.77088,0.08575
You Task,subject001,5,7.7,6.1,3.9,7.5,3.5,2.8,7.9,6.3,5.2,5.1,3.8,6.9,3.7,5.7,8.9,7.3,-0.068702623,0.051618542,0.14160951,-0.04565,0.41706,0.51778,-0.10384
You Task,subject001,-5,7.5,6.9,3.2,6.9,2.3,3.7,7.1,7,3.4,6.6,8.1,4.1,4,5.5,8.4,5.5,-0.068702623,0.051618542,0.14160951,-0.25432,0.3479,0.43283,0.06475
Movie Task-incept,subject001,12,8,7,10,7.8,8,7.9,9,7.4,8.2,7,7.4,9,7.2,5,4.8,7.2,-0.293453447,0.376771714,0.156545561,0.90654,1.41505,0.45079,-0.49294
Movie Task-incept,subject001,12,8,7,10,7.8,8,7.9,9,7.4,8.2,7,7.4,9,7.2,5,4.8,7.2,-0.293453447,0.376771714,0.156545561,0.90654,1.41505,0.45079,-0.49294
Movie Task-bridge,subject001,-5,4.8,6,3.1,6.3,7.9,8,5.7,6.5,5.8,3.7,4,4,4.5,5,6.1,4.2,-0.055046289,0.280933569,0.317858122,-1.11763,0.61113,0.51775,0.2378
Movie Task-bridge,subject001,-5,4.8,6,3.1,6.3,7.9,8,5.7,6.5,5.8,3.7,4,4,4.5,5,6.1,4.2,-0.055046289,0.280933569,0.317858122,-1.11763,0.61113,0.51775,0.2378
Easy Math Task,subject001,11,8,2.1,9,3,2.1,3.1,7.4,1.9,4,2.4,3,8.8,7.1,8,1,10,-0.124954138,0.332221971,-0.020870498,1.13199,-0.33729,-1.10955,0.30193
Easy Math Task,subject001,-6,7.8,1,9.4,7.9,2.8,1.6,7,7.3,9,7.3,5,9,6.4,2,3.7,9.9,-0.124954138,0.332221971,-0.020870498,1.0421,0.6287,-0.4869,-1.9182
Easy Math Task,subject001,-15,6.9,2,9.3,7,3.3,2.3,4.5,6.8,7.1,7.4,3,4.1,2.4,4.2,3.3,9.4,-0.124954138,0.332221971,-0.020870498,0.07808,0.3638,-0.53341,-1.2856
Hard Math Task,subject001,13,6.5,6.4,8.8,8.7,2.8,2.2,7.1,6.4,7.1,7,7.4,9.3,6.8,2.6,8.1,6.2,-0.275798122,0.402380589,-0.407389088,0.73669,0.8364,-0.02604,-1.17022
Hard Math Task,subject001,8,7,3.4,9.3,8.8,2.7,6.4,2.8,6.3,7.2,7.6,7.7,9,9,3.2,8.2,5.7,-0.275798122,0.402380589,-0.407389088,0.87474,1.26971,-0.81615,-0.72676
Hard Math Task,subject001,-6,6.4,3.3,8.4,3.9,2.5,2.7,5,7.3,8,6.2,3.4,8.1,6.6,4,5,9,-0.275798122,0.402380589,-0.407389088,0.36206,0.90887,-0.82332,-0.99759
Zero-Back Task,subject001,7,7,2.7,8.3,6.7,1.2,8.6,7.2,6.6,6.2,5.1,5.1,4,3.8,5.1,3.1,8.5,0.092938821,-0.060981931,-0.389395513,0.18372,-0.05658,0.18985,-0.79804
Zero-Back Task,subject001,-15,6.7,2.7,7.9,4,3.4,3.8,5.8,3.7,8.3,5,5.5,4,6.9,5.3,2.9,8.1,0.092938821,-0.060981931,-0.389395513,0.31225,0.23611,-0.72568,-0.77526
Zero-Back Task,subject001,13,3.8,2.8,7.3,7.1,2.5,4.4,3.9,3,8,4.1,5.1,2.8,4.1,5,5.1,7.2,0.092938821,-0.060981931,-0.389395513,-0.20138,-0.24449,-0.38248,-0.76305
One-Back Task,subject001,-10,9.1,2.5,8,6.3,2.5,8.3,7.9,3.1,7.8,3,9.4,8.5,8,6.2,1.8,8.3,-0.009918255,-0.030028992,-0.537272264,1.60023,-0.24614,-0.24807,-0.28221
One-Back Task,subject001,7,8,1.4,7.7,7.8,2,8.3,8.5,3.5,9,1.7,7.9,8.8,8.2,4.4,1,7.9,-0.009918255,-0.030028992,-0.537272264,1.3512,-0.52718,0.01539,-0.99184
One-Back Task,subject001,-14,6.2,2.1,8.6,9.6,2.1,8.9,8.7,3.2,9.8,1.9,6.7,8.2,7.5,3.7,2.6,9,-0.009918255,-0.030028992,-0.537272264,1.14378,-0.50658,0.48624,-1.32066
Memory Task,subject001,-12,5.2,2.5,2,6.7,2.1,6.7,9,4.1,2,5.4,5.7,3,2.5,5.3,7,6.8,-0.036691414,0.115884583,0.323863964,-0.57527,-0.46349,0.60209,0.4091
Memory Task,subject001,-8,3.5,6.2,4.2,7.9,3,7.7,7,4.2,3.2,5.2,5.2,4.1,2.4,6.2,8,8.6,-0.036691414,0.115884583,0.323863964,-0.48792,-0.14347,0.92504,0.50236
Memory Task,subject001,-15,4.2,7.8,1.6,8.2,2.1,6.8,9.6,7.3,2.8,7,6.9,2.5,2.6,6,7.7,6.8,-0.036691414,0.115884583,0.323863964,-0.95133,0.08598,1.53564,0.24064
Reading Task,subject001,-13,4.5,2.6,2,9.4,2,2.4,3.5,5,9.3,3,5,3.4,3.3,5.1,1.7,5.4,-0.19586954,-0.014883893,0.326889586,-0.65912,-0.75229,0.0689,-1.05163
Reading Task,subject001,-8,4.8,2.9,4.3,2.4,2.1,3.5,2.9,6.2,8,6.7,5.3,1.6,7.1,4.3,3.3,1.9,-0.19586954,-0.014883893,0.326889586,-1.13942,0.69809,-1.21212,-0.72549
Reading Task,subject001,-6,6.1,2.9,1.8,8,3.1,3.7,4.2,7.8,8.9,5.6,6,2,2.1,5,4.9,6,-0.19586954,-0.014883893,0.326889586,-0.76801,0.03968,0.25099,-0.87688
Two-Back Task-scenes,subject001,-15,9,2.9,9,2.7,2,10,9.1,4.1,10,2,4.9,9.5,4.4,3.6,4,9.3,-0.130999829,0.464204275,-0.426960277,1.13098,-0.17895,0.06592,-0.90606
Two-Back Task-scenes,subject001,14,8,3.2,8.7,3.9,8.7,9.1,10,6.2,7.9,5,8,9,4.9,4.3,8.9,9.3,-0.130999829,0.464204275,-0.426960277,1.12474,1.12805,0.15563,0.02425
Two-Back Task-faces,subject001,-12,7.8,9.2,9.1,1.3,2.2,9.5,3,2.9,8.3,4.1,6.7,9.3,7.4,6,3.5,7.9,-0.025340712,0.386745896,-0.434225517,0.8348,0.48767,-0.53479,0.16738
Two-Back Task-faces,subject001,8,8,9.3,8.3,3,2,8.3,8.8,2.4,8.6,3.9,8.7,9.3,9,6.1,2.4,8,-0.025340712,0.386745896,-0.434225517,1.19594,0.16046,0.24563,-0.18784
You Task,subject002,-14,4.4,7.6,3.8,6.9,2.3,3.2,8.1,1,3.6,4.9,7.4,3,2.7,5,8.5,6.9,-0.068702623,0.051618542,0.14160951,-0.33383,-0.64737,0.74294,0.11573
You Task,subject002,-5,8.2,6,2,4.4,2.1,8,6.9,2.1,5.1,5.2,7.6,6.6,1.9,5.3,8.1,7.7,-0.068702623,0.051618542,0.14160951,0.24852,-0.3827,0.58058,0.64934
You Task,subject002,13,8.9,7.1,2.1,5.9,1.8,6.5,6.7,1.7,2,5.6,6.8,6.4,1.5,5.8,6.2,8.7,-0.068702623,0.051618542,0.14160951,0.25009,-0.71916,0.72598,0.82808
Friend Task,subject002,6,4.8,3.3,3.3,5,2.3,8.4,9.5,2,2.7,5.5,7.4,8,3.3,7.9,2.5,7,0.066229557,0.061472443,0.208842324,0.34814,-0.57727,0.2089,1.2829
Friend Task,subject002,-13,6,5.8,3,5.9,3.6,7.2,7.8,2.4,2.6,3.7,6.4,7.9,3.2,7.3,5.4,4.6,0.066229557,0.061472443,0.208842324,0.01929,-0.38808,0.27397,1.24513
Friend Task,subject002,7,7,6.5,2.2,4.7,2.5,8.5,8.9,3.1,2.2,4.5,9.1,8.6,2.8,7.3,2.3,5.1,0.066229557,0.061472443,0.208842324,0.31352,-0.67287,0.4898,1.30731
Hard Math Task,subject002,-9,6.8,1.9,9,1.6,2.9,2.3,2.3,3,1.6,2,5.2,5.2,2,5,2.6,4,-0.275798122,0.402380589,-0.407389088,0.03511,-0.65499,-1.91301,0.26841
Hard Math Task,subject002,-15,3,1.4,7,2.4,1,1.4,3.4,1,1,2.9,2.6,5.5,2,5.5,1,5.6,-0.275798122,0.402380589,-0.407389088,-0.43373,-1.10306,-1.57983,0.39871
Hard Math Task,subject002,-7,2.6,6.7,6.7,4.2,3.3,7,1.2,1.2,3.5,5.1,5.3,5.2,2.1,5.1,1.6,3,-0.275798122,0.402380589,-0.407389088,-0.7798,-0.44506,-0.74215,0.59376
Easy Math Task,subject002,15,4,6.5,5,5.9,1.2,7.3,5,6.4,5.1,4.6,5.3,6,6.1,5.7,5.7,5.1,-0.124954138,0.332221971,-0.020870498,-0.50898,0.34871,0.06728,0.05047
Easy Math Task,subject002,10,6.4,6.3,6,5.1,1,5,4.3,5.7,5.1,3.9,7.4,5.1,6.2,5.9,4.9,4,-0.124954138,0.332221971,-0.020870498,-0.0957,0.11673,-0.47502,-0.10324
Easy Math Task,subject002,6,4.7,7,5,2.6,1,3.3,5.4,4.4,3.4,6.1,6.4,8,3.9,5.5,5,5.4,-0.124954138,0.332221971,-0.020870498,-0.13096,0.07516,-0.52791,0.45341
Finger Tapping Task,subject002,-9,1.2,1.5,3.3,1.2,4,2,4.2,1.5,2.4,5,5.3,2.8,2.3,6.5,4.5,4.1,-0.090963574,-0.241336366,-0.170440839,-1.04691,-0.37005,-1.34062,1.05534
Finger Tapping Task,subject002,-15,3.2,2.9,3.5,1.7,2.8,3,1.5,2.2,1.8,2.8,2.9,2,1.7,5.8,3.3,2,-0.090963574,-0.241336366,-0.170440839,-1.48878,-0.67626,-1.37592,0.75424
Finger Tapping Task,subject002,14,4,1.4,5.6,4.6,7.2,2,2.2,2.4,4.4,5,4.9,3.1,4.4,4.1,2,4.9,-0.090963574,-0.241336366,-0.170440839,-0.65097,-0.05864,-1.27812,-0.01445
GoNoGo Task,subject002,-13,2.6,2,3,3.6,2,1,4.3,1.9,3.3,3.1,3,5.4,3.1,5.1,4.9,3.8,-0.31702636,0.036362577,-0.159410417,-0.87355,-0.63783,-1.04083,0.36349
GoNoGo Task,subject002,11,6,5.5,3.3,5.9,5.3,3.4,4.1,6,3.4,5.1,4.4,2.2,3.7,4.4,3.2,7,-0.31702636,0.036362577,-0.159410417,-0.95803,-0.0172,0.09978,-0.20468
GoNoGo Task,subject002,-14,3.2,3,4.1,4,3.3,3,5.3,6.1,3.7,4.9,4,5.5,4,4.4,2.9,4.6,-0.31702636,0.036362577,-0.159410417,-0.87111,0.01934,-0.62775,-0.05792
Memory Task,subject002,-5,4.3,6.3,5.6,3.8,4.4,3,3,7.3,2.9,5.2,7.7,6.3,5.7,5,8.3,8.2,-0.036691414,0.115884583,0.323863964,-0.10056,0.74243,-0.59584,0.39545
Memory Task,subject002,15,7.5,9.1,3.8,3.5,8.5,9.4,9.3,8.7,6.9,6.2,9,7.9,7.6,8.6,3,6.7,-0.036691414,0.115884583,0.323863964,0.21488,1.41806,0.70314,0.97578
Memory Task,subject002,7,5.4,2.5,2.5,3,2.8,9.1,3.3,3.2,4.1,5.9,5.6,2,6.8,5.9,3.6,5.1,-0.036691414,0.115884583,0.323863964,-0.82762,0.16894,-0.60756,0.65403
Reading Task,subject002,-8,3.5,6,3.1,7.3,4.5,5,6.5,4.5,2.8,3.6,4.4,3.5,4.5,4,3.7,3,-0.19586954,-0.014883893,0.326889586,-1.23625,-0.31407,0.40004,-0.04461
Reading Task,subject002,12,5.1,2.5,3.5,6.5,2.1,8.6,2.6,5.9,9.4,7.3,1.8,4.5,3,4.2,3.7,4.2,-0.19586954,-0.014883893,0.326889586,-1.05679,0.45331,-0.14639,-0.63839
Reading Task,subject002,13,9.5,4.9,4,3.9,4,3.6,6.9,8.2,4.3,4,5.6,3.4,4.7,3.2,4,7.9,-0.19586954,-0.014883893,0.326889586,-0.319,0.08566,0.17714,-0.78202
Zero-Back Task,subject002,8,8,4,8,4.2,7.3,4,5,2,6,5.5,2,5,2,10,10,8.2,0.092938821,-0.060981931,-0.389395513,0.30283,0.87976,-0.77303,1.19767
Zero-Back Task,subject002,11,3,2.9,3.7,5,4.8,7,4.5,8.4,6.8,4,2.9,3.4,4.2,5.2,2,3.6,0.092938821,-0.060981931,-0.389395513,-1.40474,0.39456,-0.21173,-0.29112
Zero-Back Task,subject002,-5,3.5,6,5.4,3.4,3.6,2.2,4.1,3.6,4.1,5,4.8,3,3.3,4.5,4.8,5,0.092938821,-0.060981931,-0.389395513,-0.92457,-0.07959,-0.5375,-0.07047
One-Back Task,subject002,13,5.5,4.1,2.2,3.9,4.9,4.8,5.3,3.4,5,6.2,4.4,6.2,4.1,2.3,5,5.4,-0.009918255,-0.030028992,-0.537272264,-0.68899,0.10982,-0.13452,-0.07285
One-Back Task,subject002,10,4.4,5,2.7,4.8,3.7,3.1,5.1,4,4.6,4,5.7,4.3,2.8,2.7,5.9,3.5,-0.009918255,-0.030028992,-0.537272264,-0.93945,-0.33881,-0.11317,-0.26533
One-Back Task,subject002,10,2.9,5.8,2.5,4,3.8,3.2,3,4.7,4.2,3.5,3.4,3.3,3.2,3.8,3.9,3.7,-0.009918255,-0.030028992,-0.537272264,-1.51627,-0.25949,-0.29416,-0.0751
Two-Back Task-scenes,subject002,-11,3.5,3.8,4.6,3.7,4.5,3,3.7,3.8,3,2.4,2.7,3.1,3.6,2.1,1.9,4.3,-0.130999829,0.464204275,-0.426960277,-1.30539,-0.60787,-0.56928,-0.48513
Two-Back Task-scenes,subject002,-15,5.9,3,4.1,4.6,5.7,5.8,7,6.4,7,5,5,8,5,4.4,4,4.4,-0.130999829,0.464204275,-0.426960277,-0.21971,0.55962,-0.26094,-0.09203
Two-Back Task-faces,subject002,-9,5.7,4.3,4.5,4.6,4.3,3.9,5.9,5.7,5.3,4,5.2,5.1,5.4,4.8,5.3,3.7,-0.025340712,0.386745896,-0.434225517,-0.52923,0.30779,-0.41633,-0.1074
Two-Back Task-faces,subject002,-9,3.3,2.2,4.8,4.5,4.6,5.1,3,4.4,3.6,5.9,5.2,3.8,4.6,1.2,3,2.1,-0.025340712,0.386745896,-0.434225517,-1.14792,0.04673,-0.88654,-0.42316
Movie Task-bridge,subject002,-8,5.1,5.1,3.8,3.8,5.1,7,5.6,3.6,3.7,4.2,3.3,6,3,6,4.2,5.2,-0.055046289,0.280933569,0.317858122,-0.67458,0.00431,-0.10104,0.78969
Movie Task-bridge,subject002,-8,5.1,5.1,3.8,3.8,5.1,7,5.6,3.6,3.7,4.2,3.3,6,3,6,4.2,5.2,-0.055046289,0.280933569,0.317858122,-0.67458,0.00431,-0.10104,0.78969
Movie Task-incept,subject002,12,4.3,5.1,4.2,4.4,4.6,2.2,4.7,4.4,4,5,6.7,4.5,4.4,2.6,5.2,5,-0.293453447,0.376771714,0.156545561,-0.64121,-0.03143,-0.38389,-0.3027
Movie Task-incept,subject002,12,4.3,5.1,4.2,4.4,4.6,2.2,4.7,4.4,4,5,6.7,4.5,4.4,2.6,5.2,5,-0.293453447,0.376771714,0.156545561,-0.64121,-0.03143,-0.38389,-0.3027
Two-Back Task-scenes,subject003,10,9.1,1,7.9,1,1,8,5,3,1,3.1,6.9,7.4,1,6.5,1,5,-0.130999829,0.464204275,-0.426960277,0.6888,-0.87369,-1.40659,0.95722
Two-Back Task-scenes,subject003,15,10,1,7.6,8.5,1,10,6.7,1,2.8,1,7.7,7.8,1,8,1,5.4,-0.130999829,0.464204275,-0.426960277,1.3009,-1.56937,-0.27431,0.74969
Two-Back Task-faces,subject003,9,10,6.6,6.6,9,1,10,1,1,4,1,6.8,2.4,1,5,1,3.5,-0.025340712,0.386745896,-0.434225517,-0.05715,-1.59886,0.14866,-0.18565
Two-Back Task-faces,subject003,-14,10,1,6.7,10,1,9.2,4,1,2,1,7.7,5.2,7,6.9,1,2.7,-0.025340712,0.386745896,-0.434225517,0.77911,-1.12804,-0.71023,0.41413
Hard Math Task,subject003,-6,8.8,2.5,10,7,1,1,6.6,1,1,1,8,10,1,10,1,5,-0.275798122,0.402380589,-0.407389088,1.70765,-1.43979,-1.34736,1.00564
Hard Math Task,subject003,-13,10,1,10,1,1,1.9,6.5,4,3.9,1,8.7,8.6,1,10,1,7.5,-0.275798122,0.402380589,-0.407389088,1.74677,-0.91823,-1.8015,0.7423
Hard Math Task,subject003,-7,3.5,1,7.1,6,1,1,1,1,2.8,1.5,7.5,10,1.1,7,2.4,5.7,-0.275798122,0.402380589,-0.407389088,0.82099,-1.33278,-1.77545,0.77069
Easy Math Task,subject003,-8,7.1,2.6,4,7.9,1,8,3,1,5.1,3,7.9,7.8,1,5,1,6.8,-0.124954138,0.332221971,-0.020870498,0.60015,-1.48313,-0.12,0.19586
Easy Math Task,subject003,13,5.9,1,7.3,10,1,1,1,1,3.1,1,8.3,8,1,6.6,1,7.4,-0.124954138,0.332221971,-0.020870498,1.1196,-1.79499,-1.16029,0.11837
Easy Math Task,subject003,10,2,10,4,6,1,9,8,5.1,4,1,7.1,8,1,3,1,4.9,-0.124954138,0.332221971,-0.020870498,-0.68529,-1.34525,1.36242,-0.24418
GoNoGo Task,subject003,8,1,1,1,1,1,1,1,10,1,1,1,1,1,1,1,1,-0.31702636,0.036362577,-0.159410417,-2.78769,-0.81209,-1.22534,-0.75661
GoNoGo Task,subject003,14,2.4,2.8,6.5,8.3,1,8.9,1.2,5.5,2.1,2.6,4,4.7,1,2,1.8,7.9,-0.31702636,0.036362577,-0.159410417,-0.7373,-1.11027,0.03542,-0.56349
GoNoGo Task,subject003,8,1,1.1,1,1,1,1.7,2.6,8.3,10,7.7,1,1,1,1.1,1,1,-0.31702636,0.036362577,-0.159410417,-2.60396,0.19248,-0.92922,-1.63184
Finger Tapping Task,subject003,8,6.2,1,3,6,1,7,1,3,2,1,1,5.8,1,6.7,1,1,-0.090963574,-0.241336366,-0.170440839,-0.94969,-1.11743,-1.05979,0.81605
Finger Tapping Task,subject003,-15,5.7,1,1,1,1,8.3,6.2,7.1,7.4,1.3,1,1,1,1,1,7,-0.090963574,-0.241336366,-0.170440839,-1.68895,-1.00192,0.38068,-1.37513
Finger Tapping Task,subject003,-9,3.1,3.5,1,1,2.3,1,1,8.8,8.2,1,1,1,1,1,1,1,-0.090963574,-0.241336366,-0.170440839,-2.53749,-0.54225,-0.77884,-1.56442
Memory Task,subject003,-10,8,10,1,9.7,1,7.9,9.7,1,9.3,5.9,2.7,3.5,1,3.1,8.5,9.6,-0.036691414,0.115884583,0.323863964,-0.56801,-0.71146,2.59129,-1.0382
Memory Task,subject003,13,8.2,8.7,1,1.8,1.5,8.4,8.9,1.8,3.4,2.8,4.3,8.4,2.1,8.3,8.7,9.1,-0.036691414,0.115884583,0.323863964,0.12412,-0.43081,0.897,1.60977
Memory Task,subject003,11,8,10,1,5.8,1,10,10,2.7,1,8.6,8.1,10,1,5,10,10,-0.036691414,0.115884583,0.323863964,0.45612,-0.17787,1.74509,1.32414
Reading Task,subject003,5,1.6,7.1,1,8.5,2.5,7,7.2,4.2,3.4,7.2,1.9,7.3,1,7.2,1,7.6,-0.19586954,-0.014883893,0.326889586,-1.06519,-0.44239,1.19944,0.75038
Reading Task,subject003,-8,5,8,6,2,3,8,9,8,7,8,7,6,3,2,5,8,-0.19586954,-0.014883893,0.326889586,-0.39571,0.6361,0.78304,-0.80296
Reading Task,subject003,-12,2.9,3.9,3.2,6,3.2,1.7,6.7,4.7,2.6,3.4,3.1,3.9,3,3.8,6.2,7.8,-0.19586954,-0.014883893,0.326889586,-0.92674,-0.48406,0.1952,-0.23017
Movie Task-incept,subject003,-10,3.6,5.1,1,6.7,9,8.6,9.6,6.2,4.8,8.5,1,2,5.2,7.7,8.2,9.4,-0.293453447,0.376771714,0.156545561,-1.39181,1.37503,1.31674,0.93396
Movie Task-incept,subject003,-10,3.6,5.1,1,6.7,9,8.6,9.6,6.2,4.8,8.5,1,2,5.2,7.7,8.2,9.4,-0.293453447,0.376771714,0.156545561,-1.39181,1.37503,1.31674,0.93396
Movie Task-bridge,subject003,-7,3.9,7,1,5.8,2,8.2,3,8.2,9.2,3.4,1.2,5.7,8,7,5,7,-0.055046289,0.280933569,0.317858122,-1.17575,0.78664,0.48867,-0.09782
Movie Task-bridge,subject003,-7,3.9,7,1,5.8,2,8.2,3,8.2,9.2,3.4,1.2,5.7,8,7,5,7,-0.055046289,0.280933569,0.317858122,-1.17575,0.78664,0.48867,-0.09782
One-Back Task,subject003,14,9,10,7,10,8,9,7,2,8,5,2,2,3,4,6,3,-0.009918255,-0.030028992,-0.537272264,-0.8342,0.3236,1.35694,-0.67762
One-Back Task,subject003,12,7,5,4,9,6,4,4,8,10,9,10,6,6,9,7,3,-0.009918255,-0.030028992,-0.537272264,0.25649,1.58613,-0.40278,0.3187
One-Back Task,subject003,-7,6,8,2,4,6,7,3,3,6,2,4,7,5,6,3,8,-0.009918255,-0.030028992,-0.537272264,-0.43157,-0.17202,0.27342,0.65043
Zero-Back Task,subject003,-12,2,7,9,5,3,3,6,6,6,9,2,6,4,10,4,3,0.092938821,-0.060981931,-0.389395513,-0.70866,1.263,-0.79009,0.56945
Zero-Back Task,subject003,15,8,5,2,10,4,8,4,8,4,5,3,2,8,2,3,6,0.092938821,-0.060981931,-0.389395513,-1.17663,0.2731,0.8421,-1.02976
Zero-Back Task,subject003,-5,10,3,9,8,3,7,8,7,9,5.7,10,10,2,6,10,2,0.092938821,-0.060981931,-0.389395513,1.35432,0.76741,-0.38847,-0.20045
Friend Task,subject003,-6,4,7,4,10,9,6,9,2,9,9,2,9,4,8,2,5,0.066229557,0.061472443,0.208842324,-0.31699,0.82151,0.88132,0.53532
Friend Task,subject003,13,2,7,4,2,10,4,8,2,7,7,7,6,4,4,6,3,0.066229557,0.061472443,0.208842324,-0.80766,0.77463,-0.10779,0.54357
Friend Task,subject003,11,3,3,8,4,8,8,8,7,5,7,2,7,8,7,2,3,0.066229557,0.061472443,0.208842324,-0.6826,1.57387,-0.71656,0.57811
You Task,subject003,14,3,3,10,7,5,2,5,2,2,6,8,5,3,5,3,10,-0.068702623,0.051618542,0.14160951,0.56768,-0.45257,-0.69985,0.02895
You Task,subject003,-8,7,7,6,8,2,9,10,9,9,10,7,8,3,5,4,6,-0.068702623,0.051618542,0.14160951,0.17279,0.90427,1.121,-0.75863
You Task,subject003,10,4,5,4,8,8,5,10,7,5,3,4,3,2,4,6,10,-0.068702623,0.051618542,0.14160951,-0.74505,-0.10019,1.40504,-0.5039
You Task,subject004,10,10,10,6.9,9.9,6.4,7.9,9.3,8,7,8.8,5.1,5.1,9,4.9,8.6,5.6,-0.068702623,0.051618542,0.14160951,-0.02481,1.85663,1.26664,-0.63744
You Task,subject004,15,5,8,9,8,7,10,9,10,7,5,4,7,9,5,2,4,-0.068702623,0.051618542,0.14160951,-0.4293,1.41096,0.73239,-0.66157
You Task,subject004,-10,10,9.3,9,7.3,5.4,5,9.3,8.8,8.8,8,2.7,8,8.7,4.7,10,10,-0.068702623,0.051618542,0.14160951,0.55484,2.05587,0.84522,-1.0497
Friend Task,subject004,9,8.5,9,6,10,6,5.4,9.4,10,8.9,6.6,5,10,10,4.6,5,7,0.066229557,0.061472443,0.208842324,0.40536,1.5957,1.09997,-1.0351
Friend Task,subject004,7,6.9,10,9.7,4.9,5.7,6,9,9.3,8,5.3,3.6,8.6,8.9,5.1,10,8.7,0.066229557,0.061472443,0.208842324,0.29708,1.9421,0.56204,-0.61019
Friend Task,subject004,-6,9,8,8,7.7,3,6.4,6,9.2,7,8,9,8,9,4.6,8,10,0.066229557,0.061472443,0.208842324,1.00509,1.46651,0.38769,-0.71306
Memory Task,subject004,11,7,7,2,6,2,3,10,10,10,2,4,10,7,4,8,6,-0.036691414,0.115884583,0.323863964,-0.11722,0.62886,0.88855,-1.11923
Memory Task,subject004,-6,6.3,1,7,9.7,2,7.6,10,8,10,10,10,7.7,1.1,9.5,10,10,-0.036691414,0.115884583,0.323863964,1.39534,0.98849,0.45421,0.16269
Memory Task,subject004,-12,5,4,5,3,5,8,7,8,7,3,8,9,3.5,1.2,10,10,-0.036691414,0.115884583,0.323863964,0.30979,0.42302,0.37706,-0.45816
Reading Task,subject004,12,7,2,3,3,9,2,7,8,10,2,10,7,9,5,6,3,-0.19586954,-0.014883893,0.326889586,0.236,1.04069,-0.90246,-0.24963
Reading Task,subject004,-11,9.1,6.9,4.4,3.9,7,3,10,7.2,5.2,1.2,7,5.7,2,5.2,3.1,9,-0.19586954,-0.014883893,0.326889586,0.2109,-0.3922,0.76215,-0.2714
Reading Task,subject004,14,5,9,3,10,9,10,5,3,5,8,6,8,2,2,10,7,-0.19586954,-0.014883893,0.326889586,-0.42369,0.63678,1.46975,0.44494
Two-Back Task-scenes,subject004,-14,6,10,10,4,4,9,5,3,5,5,7,9,9,7,5,5,-0.130999829,0.464204275,-0.426960277,0.5794,0.90121,-0.41308,0.72643
Two-Back Task-scenes,subject004,-12,9,10,7,5,9,6,3,8,6,9,10,4,5,2,8,8,-0.130999829,0.464204275,-0.426960277,0.00098,1.5176,0.2937,-0.48595
Two-Back Task-faces,subject004,-5,3,6,6,4,5,8,8,5,5,4,2,2,3,10,3,2,-0.025340712,0.386745896,-0.434225517,-1.35147,0.36198,-0.00335,0.94623
Two-Back Task-faces,subject004,-5,4,8,4,4,9,9,2,7,5,10,8,4,2,3,3,10,-0.025340712,0.386745896,-0.434225517,-0.79724,0.89145,0.50119,0.26854
Movie Task-incept,subject004,-11,4,5,2,10,10,10,4,2,3,4,3,3,9,7,5,7,-0.293453447,0.376771714,0.156545561,-0.94378,0.51046,0.63568,1.19012
Movie Task-incept,subject004,-11,4,5,2,10,10,10,4,2,3,4,3,3,9,7,5,7,-0.293453447,0.376771714,0.156545561,-0.94378,0.51046,0.63568,1.19012
Movie Task-bridge,subject004,7,9.5,9.3,10,4.7,10,9.3,8.7,2,4.4,9.1,7,7.3,7,9.3,10,8.4,-0.055046289,0.280933569,0.317858122,1.07868,1.8927,0.15634,1.65861
Movie Task-bridge,subject004,7,9.5,9.3,10,4.7,10,9.3,8.7,2,4.4,9.1,7,7.3,7,9.3,10,8.4,-0.055046289,0.280933569,0.317858122,1.07868,1.8927,0.15634,1.65861
Zero-Back Task,subject004,6,1.2,1,1.4,1.3,7,9.7,1,1,3.2,1,9.8,1,1,5.1,2.3,1,0.092938821,-0.060981931,-0.389395513,-1.3402,-1.06746,-1.05974,1.44395
Zero-Back Task,subject004,12,4,7,7,7,2,3,10,8,7,4,6,3,10,6,2,3,0.092938821,-0.060981931,-0.389395513,-0.60931,0.50535,0.23982,-1.14531
Zero-Back Task,subject004,8,9,7,8,9,6,10,4,9,9,2,2,4,3,6,2,6,0.092938821,-0.060981931,-0.389395513,-0.44809,0.38431,0.72773,-0.89786
One-Back Task,subject004,8,3,7,7,4,5,2,2,5,3,5,7,5,6,4,7,3,-0.009918255,-0.030028992,-0.537272264,-0.66454,0.62214,-1.07416,0.18367
One-Back Task,subject004,-14,2,7,9,6,9,6,2,4,6,10,4,4,6,3,7,9,-0.009918255,-0.030028992,-0.537272264,-0.66368,1.53898,-0.23508,-0.20738
One-Back Task,subject004,-7,6,10,3,8,2,10,5,1,9,9,9.8,3,2,3,1,2,-0.009918255,-0.030028992,-0.537272264,-0.68113,-0.52635,1.13741,-0.63045
Easy Math Task,subject004,-10,5,4,3,5,3,4,4,2,10,10,3,2,10,7,6,2,-0.124954138,0.332221971,-0.020870498,-1.02325,1.40017,-0.85267,-0.09893
Easy Math Task,subject004,15,3,8,2,8,8,9,8,9,3,10,4,10,5,10,7,6,-0.124954138,0.332221971,-0.020870498,-0.62499,1.90734,0.85859,2.01167
Easy Math Task,subject004,-8,2,2,8,4,7,4,8,9,3,3,3,5,3,6,9,10,-0.124954138,0.332221971,-0.020870498,-0.43116,0.75665,-0.25729,0.26924
Hard Math Task,subject004,-12,3,3,3.4,6,1,5.7,1.7,1.2,5.7,3,10,10,1,8,9.8,2.6,-0.275798122,0.402380589,-0.407389088,0.49706,-0.51213,-1.06527,1.53882
Hard Math Task,subject004,5,1,3,4.5,1,1,9,1,1,2.1,1,10,1,1,5.5,8.6,5.4,-0.275798122,0.402380589,-0.407389088,-0.71178,-1.11313,-0.92186,1.2085
Hard Math Task,subject004,-5,5,10,3,7,10,3,2,8,5,10,4,9,6,6,4,5,-0.275798122,0.402380589,-0.407389088,-0.81086,1.8653,-0.0498,0.73471
Finger Tapping Task,subject004,13,1,6,1,1,1,6,1,1,1.5,1,1,1,1,1.6,1,1,-0.090963574,-0.241336366,-0.170440839,-2.62207,-1.55129,-0.42499,0.07078
Finger Tapping Task,subject004,11,6,4,7,3,6,4,2,9,9,6,3,6,9,10,10,5,-0.090963574,-0.241336366,-0.170440839,-0.21006,2.42654,-1.54352,0.67937
Finger Tapping Task,subject004,11,10,8,4,6,6,3,9,4,9,2,3,3,6,10,6,4,-0.090963574,-0.241336366,-0.170440839,-0.27718,0.447,0.42982,0.16281
GoNoGo Task,subject004,5,2,9,3,3,7,9,3,6,2,8,3,3,3,2,6,2,-0.31702636,0.036362577,-0.159410417,-2.27784,0.91715,0.25394,0.52383
GoNoGo Task,subject004,-12,6,5,5,9,7,6,5,9,4,5,6,8,4,4,10,8,-0.31702636,0.036362577,-0.159410417,0.01531,0.92922,0.41844,0.09873
GoNoGo Task,subject004,-5,9,2,8,5,3,9,3,3,8,3,3,6,9,2,6,9,-0.31702636,0.036362577,-0.159410417,0.45753,0.3307,-0.5639,-1.02368
Hard Math Task,subject005,8,5.3,1,10,8,1,1,1,1,1.8,1,10,4.3,1,6,1.8,10,-0.275798122,0.402380589,-0.407389088,1.1578,-1.85266,-1.30945,-0.11104
Hard Math Task,subject005,-12,4,1,9.1,6.6,1,1,1,1,1,1,8.6,8,1,5,1.5,9.6,-0.275798122,0.402380589,-0.407389088,1.08996,-1.78434,-1.47724,0.17148
Hard Math Task,subject005,-10,9,1,9.5,4.4,1,1.5,7.5,1,1,1,9,5.9,1,4.8,1,8.8,-0.275798122,0.402380589,-0.407389088,1.37838,-1.87527,-0.94529,-0.21559
Easy Math Task,subject005,9,6.2,1,9,5,1,1,6,1,4,1,9.1,8.3,2,5.1,1,9,-0.124954138,0.332221971,-0.020870498,1.4417,-1.64825,-1.0934,-0.29438
Easy Math Task,subject005,-8,4.8,1,4.9,1.4,1,1,5.6,1,1,1,4.9,4.2,6.5,4.1,1,9,-0.124954138,0.332221971,-0.020870498,-0.04651,-1.30869,-1.15509,-0.05122
Easy Math Task,subject005,9,6.5,1,4.8,1,1,5.9,8.7,6.4,6.5,1,4,3.6,2,4,1,6.1,-0.124954138,0.332221971,-0.020870498,-0.51068,-0.87499,-0.2498,-0.83762
Friend Task,subject005,11,8.7,10,9,9,8,7,7,3.1,1,1,2,9,8.8,9,2,8,0.066229557,0.061472443,0.208842324,0.57997,0.25713,0.46163,1.04222
Friend Task,subject005,7,10,9.4,5.5,6.2,7,8.7,9,6.3,6,1,1.7,3.2,7,10,4.6,9.2,0.066229557,0.061472443,0.208842324,-0.20023,0.55884,1.21437,0.47334
Friend Task,subject005,-11,9,9.9,5,5.2,6,9.3,8.9,7.2,2,1,3,3,8.1,9,2.3,6.1,0.066229557,0.061472443,0.208842324,-0.64731,0.36936,0.95598,0.76059
You Task,subject005,-7,5.1,2.4,1,2.1,2,4.5,5.1,2.5,2,1,2,2.7,3,5,10,2.5,-0.068702623,0.051618542,0.14160951,-1.37531,-0.4865,-0.61227,0.77972
You Task,subject005,11,7.5,6.5,1,1.4,2.7,2.7,4.4,4.3,3.7,1,2.8,4.1,4.4,7.5,9.4,4.8,-0.068702623,0.051618542,0.14160951,-0.87696,0.018,-0.43168,0.93648
You Task,subject005,12,9,4.5,2.5,3.2,4.1,2,3.8,8.6,8.8,1.2,2.2,1.6,2.3,5.2,5.9,5.3,-0.068702623,0.051618542,0.14160951,-1.07904,0.12524,-0.20876,-0.87571
Movie Task-incept,subject005,9,9,2,1,8,7.9,8.4,2.3,8.7,9.5,1,2,2.5,1,7.3,1,1.8,-0.293453447,0.376771714,0.156545561,-1.26364,0.03662,0.09004,-0.09905
Movie Task-incept,subject005,9,9,2,1,8,7.9,8.4,2.3,8.7,9.5,1,2,2.5,1,7.3,1,1.8,-0.293453447,0.376771714,0.156545561,-1.26364,0.03662,0.09004,-0.09905
Movie Task-bridge,subject005,-15,6,10,1,5,4.4,8,2,5.2,6.5,1,5.1,5.6,8.8,6.1,3.3,1,-0.055046289,0.280933569,0.317858122,-1.1367,0.27513,0.11952,0.4524
Movie Task-bridge,subject005,-15,6,10,1,5,4.4,8,2,5.2,6.5,1,5.1,5.6,8.8,6.1,3.3,1,-0.055046289,0.280933569,0.317858122,-1.1367,0.27513,0.11952,0.4524
Two-Back Task-faces,subject005,9,2.6,10,4.3,2,1,7.1,6.6,4.3,1.7,1,4,3.9,6.5,5.1,1,5.4,-0.025340712,0.386745896,-0.434225517,-1.24921,-0.68732,0.42715,0.22486
Two-Back Task-faces,subject005,-7,5.6,6,5,3,2,7.9,3,4,10,1,5,5.7,6.2,5.6,10,5.3,-0.025340712,0.386745896,-0.434225517,-0.22297,0.36984,-0.33813,-0.08368
Two-Back Task-scenes,subject005,-13,8.3,7,8,7.9,1,10,6.7,4,4.1,1,4,6.8,5.4,5,1,4,-0.130999829,0.464204275,-0.426960277,0.09188,-0.7116,0.44191,-0.3837
Two-Back Task-scenes,subject005,12,4.3,1,5.6,8.7,1,8,5,2,8,1,7.3,7,1,5.8,1,1,-0.130999829,0.464204275,-0.426960277,0.10864,-1.36903,-0.39287,-0.19577
Finger Tapping Task,subject005,15,10,1,1,1,1,9,1,1,6.2,1,1,1,10,5,1,1,-0.090963574,-0.241336366,-0.170440839,-1.19897,-0.35732,-1.3443,0.03357
Finger Tapping Task,subject005,13,10,6,3,6,5,2,1,10,7.2,1,5,5.9,7.2,5.7,4,3,-0.090963574,-0.241336366,-0.170440839,-0.41858,0.61896,-0.69621,-0.48366
Finger Tapping Task,subject005,9,7.9,7,4,1.5,5.7,6,1,7.7,8,1,5.2,4.9,10,5.5,7,1,-0.090963574,-0.241336366,-0.170440839,-0.79066,1.25356,-1.0723,0.09045
GoNoGo Task,subject005,-11,7,1,1.3,1,2,1,6.3,9.2,6.1,1,1,1,10,4.2,2,1,-0.31702636,0.036362577,-0.159410417,-1.70456,0.3629,-1.09703,-1.05679
GoNoGo Task,subject005,-12,8.9,6.8,6,1.7,4,1,3,8.8,8.1,1,5,1.6,3,6.7,9,1,-0.31702636,0.036362577,-0.159410417,-0.85224,0.68228,-1.00775,-0.40607
GoNoGo Task,subject005,-15,8,9,4,10,3,1.3,6,10,3,1,3.2,2,6,5.3,3,1,-0.31702636,0.036362577,-0.159410417,-1.32846,-0.07425,0.57826,-0.95588
Memory Task,subject005,6,7,7.9,7.4,4.9,1.2,6.1,7.2,8.4,6.6,1,6,7.3,3,4.1,8.2,9,-0.036691414,0.115884583,0.323863964,0.29825,-0.06884,0.64942,-0.79518
Memory Task,subject005,8,10,10,3,5.5,8.3,8,10,5.5,3.6,1,3.3,7.4,6.9,10,9.5,10,-0.036691414,0.115884583,0.323863964,0.26198,0.77456,1.30971,1.54276
Memory Task,subject005,-7,10,6.4,8,6.3,4,5,7.4,2,10,8,8,8,10,10,9,8,-0.036691414,0.115884583,0.323863964,1.59909,1.47209,-0.40545,0.49514
Reading Task,subject005,11,5,10,8,7,3,6,7.4,4.3,9,2,3,2.7,2,4,1.1,5.3,-0.19586954,-0.014883893,0.326889586,-0.83894,-0.67072,1.09585,-1.46942
Reading Task,subject005,11,8,5.6,1.6,10,3,5.8,6.8,9,2,1,3,2.9,9,7,1,6,-0.19586954,-0.014883893,0.326889586,-0.85287,-0.1857,0.83296,-0.18871
Reading Task,subject005,-8,7,5.8,3.6,4,2,6,6.1,9,10,1,3,4.9,2.3,3,3.9,5,-0.19586954,-0.014883893,0.326889586,-0.89471,-0.1857,0.51814,-1.41175
Zero-Back Task,subject005,-13,7.5,7,6,7.4,4.1,4.1,2,9.5,7,1,1.6,2,8,5,10,5,0.092938821,-0.060981931,-0.389395513,-1.00147,1.03316,-0.08278,-0.91981
Zero-Back Task,subject005,5,2,9,2.3,9,4,4.1,1,6.6,8,3,3,3.1,5,1,2,4,0.092938821,-0.060981931,-0.389395513,-1.8763,-0.2325,0.73088,-1.5388
Zero-Back Task,subject005,-6,6,8,2,3,7,3,7,10,10,2,7,6,3,8,7,3,0.092938821,-0.060981931,-0.389395513,-0.66009,0.86689,0.18988,0.22762
One-Back Task,subject005,-8,7,7.2,8,6,6,6,9,2.4,4,1,7,8,10,3.7,5,7,-0.009918255,-0.030028992,-0.537272264,0.6963,-0.00142,0.25031,-0.18186
One-Back Task,subject005,6,9,10,7,2,6.7,2,8,6,2,5,7,3,2,4.9,3.8,3.7,-0.009918255,-0.030028992,-0.537272264,-0.50183,0.20706,-0.00924,0.08774
One-Back Task,subject005,7,2,6,3,4,4,5,2,4,4,6,10,8,9,8,3.9,9,-0.009918255,-0.030028992,-0.537272264,0.25249,0.50317,-0.73134,1.33719
Hard Math Task,subject008,-13,9.1,1,10,1,1,1,1.4,3,9,1.3,9,3.1,1.3,5.1,1,7.9,-0.275798122,0.402380589,-0.407389088,0.96604,-1.07374,-1.88966,-1.08846
Hard Math Task,subject008,9,8.9,1,10,1,1,1,1.9,2.9,8.5,2,7.8,4.5,1,5.1,1.3,7.6,-0.275798122,0.402380589,-0.407389088,0.94566,-0.93787,-1.89806,-0.92575
Hard Math Task,subject008,7,9.5,1,10,1,1,4.1,3.4,1.8,8.7,1,8.2,5.9,1,5.2,1,8.9,-0.275798122,0.402380589,-0.407389088,1.33969,-1.19859,-1.47244,-0.71036
Easy Math Task,subject008,7,6.3,1,10,1,1,2.2,1,2,8.3,1,2.1,8.1,1,5,1,9,-0.124954138,0.332221971,-0.020870498,0.60898,-0.89598,-1.84801,-0.65304
Easy Math Task,subject008,-9,7.8,1,10,1,1,2.4,3.3,3,10,1,3,7.8,1,5,1,8.9,-0.124954138,0.332221971,-0.020870498,0.82101,-0.81642,-1.5233,-1.02298
Easy Math Task,subject008,11,2,1,10,1,1,2,3,7.2,8,1,1,3,1,5,1,8.1,-0.124954138,0.332221971,-0.020870498,-0.74524,-0.48711,-1.3761,-1.24307
One-Back Task,subject008,8,8.7,1,7,1,1,10,7.3,7.7,7,5,8.2,2,10,3.8,1,8.2,-0.009918255,-0.030028992,-0.537272264,0.23078,0.43509,-0.55413,-1.01708
One-Back Task,subject008,11,4.6,1,8.9,4.2,1,8,8.2,7,7.9,3,8.2,5.3,8.8,5.1,1,8.6,-0.009918255,-0.030028992,-0.537272264,0.62572,0.03247,-0.44175,-0.98387
One-Back Task,subject008,11,6.8,1,9,6.5,1,9,9.1,8.1,7.8,2,3.6,3,9.4,5.1,1,8.9,-0.009918255,-0.030028992,-0.537272264,0.15046,0.10267,0.13749,-1.50624
Zero-Back Task,subject008,15,5,1,7,1,1,6.6,2.1,8.1,6.2,1.7,3.1,3,5,5,1,2,0.092938821,-0.060981931,-0.389395513,-1.02432,0.06506,-1.58414,-0.54106
Zero-Back Task,subject008,11,2,1,7.6,1.8,1,8.8,7.1,7.5,7,1.6,2,2.3,4.1,5,1,8.6,0.092938821,-0.060981931,-0.389395513,-0.88512,-0.31323,-0.23399,-0.85352
Zero-Back Task,subject008,-14,8,1,6,1,1,9.1,2.5,8.3,3.9,1,1,2.1,3.9,5,4.1,9.1,0.092938821,-0.060981931,-0.389395513,-0.7078,-0.09644,-0.74154,-0.26425
Finger Tapping Task,subject008,9,7.3,2,1.8,1,1,10,4.3,2,3,1,1,1,5.8,5.1,1.9,1.7,-0.090963574,-0.241336366,-0.170440839,-1.5019,-0.73027,-0.65146,0.43984
Finger Tapping Task,subject008,7,8.7,1,3,1,1,10,7.7,5,3,2,1,3.2,9.2,5,1,7,-0.090963574,-0.241336366,-0.170440839,-0.67429,-0.18686,-0.29897,0.01077
Finger Tapping Task,subject008,-15,9,1,9.8,1,1,10,8.9,1.9,4,2.9,1,1.9,8.9,5,1,9,-0.090963574,-0.241336366,-0.170440839,0.09666,-0.22281,-0.58605,-0.51829
GoNoGo Task,subject008,12,6,1,7.4,1,1,8.6,5.1,8.5,8.2,8,5.2,2,4.5,3,1,2,-0.31702636,0.036362577,-0.159410417,-0.92558,0.72902,-1.06425,-1.14157
GoNoGo Task,subject008,9,8.5,1,3.4,1,1,10,2.3,8,8,2.9,3.5,1.8,3.6,6.1,1,8,-0.31702636,0.036362577,-0.159410417,-0.65418,-0.09577,-0.57681,-0.34473
GoNoGo Task,subject008,-7,8,1,8,1,1,10,5.3,3,4,1.4,1,2.4,3.6,6,1,2,-0.31702636,0.036362577,-0.159410417,-0.70796,-0.53981,-1.14724,0.10568
You Task,subject008,-5,8.1,7,2,9.1,1,1.9,9,1,1,3.2,8.2,8,3,5,10,8,-0.068702623,0.051618542,0.14160951,0.6842,-1.07075,0.88688,0.50129
You Task,subject008,-10,8.5,7.3,1.6,7.8,1,2.6,10,1,1.3,5.5,8.6,7.8,4,3.3,3,7.9,-0.068702623,0.051618542,0.14160951,0.51573,-1.26031,1.00147,-0.04745
You Task,subject008,11,7.3,7.2,4.2,10,1,4,9.3,2,2,5,9,8.6,5.4,7.5,10,8.4,-0.068702623,0.051618542,0.14160951,1.06659,-0.31624,0.77099,0.82758
Friend Task,subject008,14,9.5,10,1,10,1,2.6,10,1,1,1,10,9,6.6,10,6.2,10,0.066229557,0.061472443,0.208842324,1.3426,-1.2196,1.30102,1.31314
Friend Task,subject008,-15,10,7.6,1,10,1,3.9,10,1,1,1,10,10,6.6,10,6,10,0.066229557,0.061472443,0.208842324,1.59154,-1.21506,1.05452,1.44994
Friend Task,subject008,10,10,8.1,1.6,10,1,6.7,10,1,1,1,10,10,7.1,10,6,10,0.066229557,0.061472443,0.208842324,1.58989,-1.10457,1.24013,1.56095
Movie Task-incept,subject008,-14,3.4,10,1,10,8,10,3,5.3,1,3,8.8,2.7,5.3,5,1,1.9,-0.293453447,0.376771714,0.156545561,-1.45257,-0.34309,1.08977,0.86311
Movie Task-incept,subject008,-14,3.4,10,1,10,8,10,3,5.3,1,3,8.8,2.7,5.3,5,1,1.9,-0.293453447,0.376771714,0.156545561,-1.45257,-0.34309,1.08977,0.86311
Movie Task-bridge,subject008,-5,9.1,1,1,5.3,10,10,9.1,1,1,1,3.9,7.3,1,10,8,9.1,-0.055046289,0.280933569,0.317858122,0.40958,-0.38854,0.42545,2.65108
Movie Task-bridge,subject008,-5,9.1,1,1,5.3,10,10,9.1,1,1,1,3.9,7.3,1,10,8,9.1,-0.055046289,0.280933569,0.317858122,0.40958,-0.38854,0.42545,2.65108
Two-Back Task-scenes,subject008,10,10,1,6.3,1,1,10,10,8,1,3.2,3.5,3.7,5.5,5,1,6.5,-0.130999829,0.464204275,-0.426960277,-0.20645,-0.13824,-0.27539,-0.04261
Two-Back Task-scenes,subject008,6,10,1,7.1,1,1,10,7.6,1,1,1,7,5.2,10,5,1,7.6,-0.130999829,0.464204275,-0.426960277,0.85669,-0.76803,-0.91221,0.42978
Two-Back Task-faces,subject008,-10,6.6,10,5,1,1,10,7,3,1,1.6,4,1.8,7.2,5,1,7.1,-0.025340712,0.386745896,-0.434225517,-0.93182,-0.68659,0.60216,0.26115
Two-Back Task-faces,subject008,14,10,10,3,4,1,10,5,3,1,1,7.8,5.7,6.5,6.2,1,8.4,-0.025340712,0.386745896,-0.434225517,0.22305,-1.02246,0.69802,0.76739
Memory Task,subject008,-7,10,10,1,7,8.2,9.4,10,9.1,1,1,9.2,9.5,9,9.1,8.1,10,-0.036691414,0.115884583,0.323863964,0.71449,0.76723,1.54038,1.7736
Memory Task,subject008,-7,6.9,10,1,3.1,9.2,9.2,10,9.4,1,1,6.1,8,3,9.2,6,10,-0.036691414,0.115884583,0.323863964,-0.28424,0.41326,1.47973,1.97763
Memory Task,subject008,-13,8.2,1,1,10,3.8,6.9,10,9.1,1,4.9,4.2,4,1,1,6.7,9.4,-0.036691414,0.115884583,0.323863964,-0.59287,-0.48572,1.49918,-0.76535
Reading Task,subject008,-15,10,3.1,5.1,10,1,4,1,10,1,1,10,4,1,5,5.4,2,-0.19586954,-0.014883893,0.326889586,0.03973,-0.73902,-0.60496,-0.21481
Reading Task,subject008,11,10,1,3.1,10,1,5.1,1,10,1,1,10,7.9,1,5,2.1,3,-0.19586954,-0.014883893,0.326889586,0.42045,-1.00729,-0.6861,0.0989
Reading Task,subject008,-6,9.3,1,4.2,10,1,9,8,6.3,1,3,10,6,5.4,4.1,8,5.1,-0.19586954,-0.014883893,0.326889586,0.67029,-0.4643,0.30904,0.10241
Movie Task-bridge,subject009,-12,4.5,8.8,1,10,10,10,5.4,3.5,4.8,3.7,4.1,1,6.1,4.8,5.3,5.4,-0.055046289,0.280933569,0.317858122,-1.53257,0.25255,1.61302,0.37344
Movie Task-bridge,subject009,-12,4.5,8.8,1,10,10,10,5.4,3.5,4.8,3.7,4.1,1,6.1,4.8,5.3,5.4,-0.055046289,0.280933569,0.317858122,-1.53257,0.25255,1.61302,0.37344
Movie Task-incept,subject009,-12,3.2,10,6.1,9.2,7.5,8.7,1,3.7,4.4,1.3,5.2,5.2,6,6.5,2.9,2.7,-0.293453447,0.376771714,0.156545561,-0.85564,0.06071,0.23139,0.63662
Movie Task-incept,subject009,-12,3.2,10,6.1,9.2,7.5,8.7,1,3.7,4.4,1.3,5.2,5.2,6,6.5,2.9,2.7,-0.293453447,0.376771714,0.156545561,-0.85564,0.06071,0.23139,0.63662
GoNoGo Task,subject009,-11,3.2,1.8,5.5,1,1,3.1,1.2,2,2.9,2.8,1,2,1.3,4.4,3,1,-0.31702636,0.036362577,-0.159410417,-1.57685,-0.73046,-1.71548,0.12284
GoNoGo Task,subject009,-12,2,8.9,1.8,3,5.3,8.5,8,2.3,3.1,1.6,2.9,3.5,3.6,2,6.5,3.1,-0.31702636,0.036362577,-0.159410417,-1.85847,-0.4704,1.03001,0.2411
GoNoGo Task,subject009,-10,4.8,5.5,4.2,3.7,1,4,3.4,3.3,2,3.3,4.2,2.6,3.2,1.6,2.1,2,-0.31702636,0.036362577,-0.159410417,-1.3522,-0.89812,-0.47498,-0.54627
Finger Tapping Task,subject009,5,2,2.7,1,2.1,2.3,6.2,1,2,4.2,1.1,3,1,1,3.5,2.9,2.1,-0.090963574,-0.241336366,-0.170440839,-1.97669,-1.17949,-0.68957,0.20605
Finger Tapping Task,subject009,15,1.8,3.2,4.5,1,3,4.1,2.2,3.1,1,1,3.4,7,4.4,4.1,2.1,2,-0.090963574,-0.241336366,-0.170440839,-1.06331,-0.60309,-1.49908,0.73866
Finger Tapping Task,subject009,-10,2.6,1,2.7,1,2.4,1.1,5.6,5,3.6,2.2,5.1,2,2.2,1,5.8,2.9,-0.090963574,-0.241336366,-0.170440839,-1.44549,-0.69768,-0.88652,-0.6666
Two-Back Task-scenes,subject009,7,1.9,2.7,2.1,2,4.1,10,2.6,6.4,3.5,3.7,2.9,4.6,4.4,3.8,2,3.2,-0.130999829,0.464204275,-0.426960277,-1.68492,0.10376,-0.53728,0.52151
Two-Back Task-scenes,subject009,-9,7.5,1.4,4.7,4.4,1.9,9.1,2.3,2.6,7.5,3,6.9,1.5,2.4,3.2,6.3,2.8,-0.130999829,0.464204275,-0.426960277,-0.48872,-0.52473,-0.62571,-0.43638
Two-Back Task-faces,subject009,12,2.8,7.8,4.1,4.6,4.8,10,5.3,1.8,2.2,7.4,4.8,4.3,3.2,4,3.8,1.4,-0.025340712,0.386745896,-0.434225517,-1.38261,0.10443,0.23445,0.83793
Two-Back Task-faces,subject009,6,1.9,7.3,7.1,5.5,7,3.1,3.7,2,4.3,3.8,3.7,8.1,1.2,3.7,3.3,4.6,-0.025340712,0.386745896,-0.434225517,-0.59192,-0.27923,-0.32641,0.20091
Reading Task,subject009,12,3,3.8,3.5,6.2,3.1,5.6,5.6,4.3,5.8,5,7.2,7.1,6.4,1.4,6,7.4,-0.19586954,-0.014883893,0.326889586,-0.20586,-0.03947,0.14624,-0.59005
Reading Task,subject009,8,2,3.4,7.4,4.9,1.7,6.5,3.3,3.3,6.6,1.9,8.2,2,3.3,5.5,8.2,4.5,-0.19586954,-0.014883893,0.326889586,-0.39227,-0.36981,-0.64968,-0.08881
Reading Task,subject009,13,5.3,9.7,5.5,3.3,1.9,2.8,3.8,7.8,2.7,4.4,3.7,6.5,7.6,6.1,7.4,4.5,-0.19586954,-0.014883893,0.326889586,-0.73254,0.93884,-0.47197,0.31258
Memory Task,subject009,-9,6,5.8,2.9,7.8,2,9,8,2.7,4.8,5.5,4.5,9,1.3,3,4.7,5.8,-0.036691414,0.115884583,0.323863964,-0.17086,-0.61823,1.037,-0.01335
Memory Task,subject009,5,9.9,8.7,4.9,7.4,1,5.7,1,6.8,7.3,5,3.7,4.7,9,6.2,7.5,8.4,-0.036691414,0.115884583,0.323863964,-0.04737,0.90585,0.07667,-0.50513
Memory Task,subject009,-14,2.8,7.1,4.5,6.4,6.3,9.4,4.5,4.5,4.2,8.2,6.6,9.1,8.6,1.2,5.2,6.3,-0.036691414,0.115884583,0.323863964,-0.38929,0.97538,0.31732,0.08711
Hard Math Task,subject009,9,5.7,4.4,3,1.4,1.8,4.8,6.4,3.5,3.3,7.3,8.3,7.7,5.8,6.9,5.1,4,-0.275798122,0.402380589,-0.407389088,0.06157,0.36894,-0.89801,1.15489
Hard Math Task,subject009,-5,2.4,6.4,7.6,5.3,8.5,5.3,2.9,9.4,4.1,1,5.2,6.3,4.7,4.2,1,6.7,-0.275798122,0.402380589,-0.407389088,-0.68512,0.29498,-0.25175,-0.20076
Hard Math Task,subject009,-10,5.3,3.7,5.1,6.4,7.2,5.9,3,3,6.4,3.8,6.4,1,3.9,8.4,2.1,2.3,-0.275798122,0.402380589,-0.407389088,-0.70778,0.02445,-0.661,0.59338
Easy Math Task,subject009,13,2.2,1.7,5.2,5.8,5,6,9,3,10,6.4,3.1,2.6,2,2.5,6.4,4.4,-0.124954138,0.332221971,-0.020870498,-1.04733,0.14487,0.32347,-1.05512
Easy Math Task,subject009,9,6.1,3.7,2,1.1,9,3.4,2.8,2.9,5.2,4.1,3,3.8,2.3,2.9,4.6,5.2,-0.124954138,0.332221971,-0.020870498,-1.15102,0.11623,-0.68577,0.28299
Easy Math Task,subject009,-7,5.5,9.5,2.8,3.3,3.5,1.6,3.2,6.4,4.9,6.9,2.4,5.9,4.1,3.2,2.1,5,-0.124954138,0.332221971,-0.020870498,-1.2767,0.3906,-0.05802,-0.44766
One-Back Task,subject009,-10,3.4,5.1,5.7,4,3.6,8.8,3.3,2.5,1,9.4,5.6,5.7,4.2,1.5,1.1,3.9,-0.009918255,-0.030028992,-0.537272264,-0.87031,0.07503,-0.4762,0.2661
One-Back Task,subject009,-15,2.7,4.1,5,7,4.8,5.6,3,5.4,4,5.8,3.9,4.1,3.2,5.2,4.9,5,-0.009918255,-0.030028992,-0.537272264,-0.9802,0.28024,-0.29127,0.21483
One-Back Task,subject009,6,3.5,4.9,5.7,10,8.3,7.2,4.3,6.2,10,3.5,8.8,2.5,8,1,8.6,7,-0.009918255,-0.030028992,-0.537272264,-0.38697,0.68862,0.69216,-1.42282
Zero-Back Task,subject009,-14,5.5,1.3,3.2,9,4.3,2.1,2.3,4.5,5.8,9.7,9,9.7,2.4,2.2,8.4,6.7,0.092938821,-0.060981931,-0.389395513,0.5155,0.42791,-0.63581,-0.14055
Zero-Back Task,subject009,6,1.3,8.4,3.5,4.7,6.3,8,1.1,5.7,4.1,4.2,2.3,8.6,1,8,6.6,7.2,0.092938821,-0.060981931,-0.389395513,-0.97809,0.53632,0.06293,1.61117
Zero-Back Task,subject009,-10,5,2.3,4.7,7.4,5.6,7.7,5.1,6.5,3.2,4.2,5,9.8,5,8.8,1,3.8,0.092938821,-0.060981931,-0.389395513,0.06433,0.33946,-0.60453,1.26928
Friend Task,subject009,-12,7,3.6,1.9,2.1,3.4,1,4.2,3.6,1.3,5.4,1.9,5.3,3.3,5.3,2.2,1.9,0.066229557,0.061472443,0.208842324,-1.10198,-0.1462,-1.14251,0.64129
Friend Task,subject009,-13,7.1,2,5,8,6.8,4.3,5,8.2,5,6,6.8,10,1.4,10,6,2,0.066229557,0.061472443,0.208842324,0.39928,0.93685,-0.91387,1.37545
Friend Task,subject009,5,5.7,8,8.9,4,3.2,4.6,5,4,1.1,3.1,7.2,1.7,3.2,7.6,8,3.8,0.066229557,0.061472443,0.208842324,-0.36572,0.01181,-0.53263,0.7627
You Task,subject009,-11,4.1,6,8.6,3,5,9,4.9,4.5,6.1,6,2.1,5,6,6.5,9.9,7,-0.068702623,0.051618542,0.14160951,-0.46796,1.36882,-0.3652,0.53547
You Task,subject009,13,6.2,4,9.2,6.7,2.1,4.8,2.8,5.8,1,3.8,1,3.3,1,7.8,7.8,5.1,-0.068702623,0.051618542,0.14160951,-0.56825,0.14262,-0.80753,0.53872
You Task,subject009,-8,4.7,8,1.1,3.2,2,9,7,3.1,3,3.8,4,1.3,3.7,5.3,4,6.7,-0.068702623,0.051618542,0.14160951,-1.38721,-0.5956,0.98524,0.4495
Movie Task-bridge,subject010,8,7.9,5.5,1,10,10,8,9,10,9,8,2.4,3,1,8,9.3,10,-0.055046289,0.280933569,0.317858122,-0.78696,1.46071,1.88446,0.19296
Movie Task-bridge,subject010,8,7.9,5.5,1,10,10,8,9,10,9,8,2.4,3,1,8,9.3,10,-0.055046289,0.280933569,0.317858122,-0.78696,1.46071,1.88446,0.19296
Movie Task-incept,subject010,-5,8.8,2.2,1,2.5,10,6,1,2.4,2,10,6.4,5.9,1,10,3,7.4,-0.293453447,0.376771714,0.156545561,-0.01823,0.74313,-1.19805,2.64657
Movie Task-incept,subject010,-5,8.8,2.2,1,2.5,10,6,1,2.4,2,10,6.4,5.9,1,10,3,7.4,-0.293453447,0.376771714,0.156545561,-0.01823,0.74313,-1.19805,2.64657
Zero-Back Task,subject010,9,5.5,1,1,1,1,10,1,1,1,6.4,1,1,1,2.8,1,8.6,0.092938821,-0.060981931,-0.389395513,-1.50177,-0.99407,-0.45999,0.50143
Zero-Back Task,subject010,-11,6.7,1,1,1,1,10,5.9,7.1,5.1,1,8.8,1,1,4.3,1,8.7,0.092938821,-0.060981931,-0.389395513,-0.56743,-1.28932,0.23171,-0.18087
Zero-Back Task,subject010,-10,6.1,1,1,1,6.4,10,1,9.3,8.9,8.6,1.7,1,1,5.1,1,8.5,0.092938821,-0.060981931,-0.389395513,-1.62661,0.9407,-0.32061,-0.0569
One-Back Task,subject010,-15,10,1,1,10,1,10,2.1,1,1,1,10,9.3,1,9,1,9,-0.009918255,-0.030028992,-0.537272264,1.37764,-1.96188,-0.03622,1.74882
One-Back Task,subject010,-8,9,1,1,10,10,10,8.1,1,1,1,10,10,1,9.1,1,8,-0.009918255,-0.030028992,-0.537272264,1.24562,-1.28603,0.60481,2.27411
One-Back Task,subject010,-10,8.9,1,1,10,10,10,7.2,1.3,2,1.2,10,10,1,8.8,1,9,-0.009918255,-0.030028992,-0.537272264,1.28026,-1.22034,0.60797,2.08787
Easy Math Task,subject010,7,10,1,2.7,10,1,10,6.1,1,1,1,10,10,1,5.5,1,10,-0.124954138,0.332221971,-0.020870498,1.56168,-2.16745,0.53226,0.8081
Easy Math Task,subject010,-8,9.2,1,1.3,10,10,6.5,7.4,5.3,8.1,5,10,7,1,4.4,1,10,-0.124954138,0.332221971,-0.020870498,0.79471,-0.46392,0.91193,-0.18917
Easy Math Task,subject010,14,3.4,1,1.7,10,1,9.5,10,7.8,2.5,7.5,4.5,1,1,2.1,1,10,-0.124954138,0.332221971,-0.020870498,-1.16317,-0.87629,1.70393,-1.01042
Hard Math Task,subject010,11,9,1,1,10,1,9.8,2.5,9,7.8,7.2,3.8,7.4,1,2.8,1,10,-0.275798122,0.402380589,-0.407389088,-0.11577,-0.25829,0.73885,-0.99871
Hard Math Task,subject010,-6,8.1,1,7.7,10,10,10,10,1,9.4,2.3,10,8.9,1,7.2,1.4,10,-0.275798122,0.402380589,-0.407389088,1.83104,-0.75691,0.71918,0.29703
Hard Math Task,subject010,-7,8.9,1,5.1,8.3,2.3,9.5,9.4,2.1,10,1.4,10,8,1,5.4,1,10,-0.275798122,0.402380589,-0.407389088,1.54736,-1.54774,0.81438,-0.60001
You Task,subject010,-13,7.7,1,2.2,2,1,10,8.3,3,1,6.7,8.9,8.5,1.5,8.5,10,9.9,-0.068702623,0.051618542,0.14160951,0.93308,-0.08224,-0.21351,2.17545
You Task,subject010,6,1.8,1,3.3,9.6,4.9,10,6.8,2.7,6.7,9.3,7.8,8.9,1,5.4,10,3,-0.068702623,0.051618542,0.14160951,-0.05828,0.54101,0.16796,0.9698
You Task,subject010,7,1.6,8.7,3.7,8.7,2.4,10,10,9.5,10,8.2,2.1,2.6,1,6.9,10,7.8,-0.068702623,0.051618542,0.14160951,-1.45586,1.0689,2.13977,-0.48816
Friend Task,subject010,13,4,10,1.8,9.3,3.1,5.8,10,9.8,3,7.8,7.8,4.3,1,6,6,10,0.066229557,0.061472443,0.208842324,-0.67526,0.12772,2.12954,0.03855
Friend Task,subject010,10,4.9,8.1,2.6,9.2,1.5,2.3,6,8.8,7.8,10,8.6,2.6,7.9,7.9,2.1,2.4,0.066229557,0.061472443,0.208842324,-0.78982,0.99509,0.28119,-0.50808
Friend Task,subject010,-11,10,10,1,7.2,2.9,10,10,1,3.1,8.1,6.9,10,4,9,3,10,0.066229557,0.061472443,0.208842324,0.82301,-0.22578,1.59862,1.61266
GoNoGo Task,subject010,-9,10,8.3,1,2.8,10,8.9,1,8.7,10,7.4,1.2,2.6,7.7,1.8,8.1,2.1,-0.31702636,0.036362577,-0.159410417,-1.86394,2.27404,0.12663,-0.5239
GoNoGo Task,subject010,10,6.4,1,8,1,1,5.7,4,1,1.1,1.3,1,6.2,8.6,1,9.7,9.4,-0.31702636,0.036362577,-0.159410417,0.06304,-0.15365,-1.2548,-0.22245
GoNoGo Task,subject010,12,8.5,6.3,9,6.5,1,4.4,4.8,1.9,5.8,8.5,1,2.2,6.5,1,1.1,7.8,-0.31702636,0.036362577,-0.159410417,-0.43977,-0.00372,0.00445,-1.84887
Finger Tapping Task,subject010,10,4.3,8.7,8.8,2.7,6.7,4.2,8,8.7,7.5,8.1,3.2,1.5,7.8,8.6,4.9,3.6,-0.090963574,-0.241336366,-0.170440839,-1.09844,2.0456,-0.28958,-0.05656
Finger Tapping Task,subject010,-15,3.4,3.7,7.3,9,3.3,7.8,1.9,6,8,8.8,4.8,3.7,3.9,8,6.4,8,-0.090963574,-0.241336366,-0.170440839,-0.24856,0.98888,-0.24175,0.0939
Finger Tapping Task,subject010,5,8.8,8,7.6,3.8,2.5,6.4,8.2,7.7,7.9,7.7,6.5,8.2,7.3,8.8,7.5,1.7,-0.090963574,-0.241336366,-0.170440839,0.34406,1.72365,-0.43377,0.40539
Two-Back Task-faces,subject010,-11,5.6,10,2.4,8,9.5,8.2,3.9,10,8.2,10,7.3,8.5,6.3,9.4,6.6,5.7,-0.025340712,0.386745896,-0.434225517,-0.31901,2.33045,0.61623,1.21859
Two-Back Task-faces,subject010,14,4.9,10,8.4,5.8,5.3,4.1,7.6,1,8,3.6,5,1.7,2.9,4.6,4,2.6,-0.025340712,0.386745896,-0.434225517,-0.75352,-0.29526,0.46908,-0.77071
Two-Back Task-scenes,subject010,5,9,3.4,3.9,7.6,8.8,9,9,7,9,7.3,4.2,6.7,5,7,4.1,1.2,-0.130999829,0.464204275,-0.426960277,-0.29849,1.36625,0.27644,0.25304
Two-Back Task-scenes,subject010,-14,7,6.4,3.4,7.6,7.3,7.8,6.4,6.3,7,6.2,7.1,3.5,10,1,5.7,4.5,-0.130999829,0.464204275,-0.426960277,-0.67065,0.99608,0.69858,-0.97699
Memory Task,subject010,6,6.7,7.3,1.1,8.3,1.7,8.2,10,1,3,2,9.9,2.5,3.6,3.3,10,10,-0.036691414,0.115884583,0.323863964,0.0661,-1.31544,1.93782,-0.00397
Memory Task,subject010,11,9,8.1,3.1,8.9,7.2,10,10,2,2.1,6.3,1.8,7.3,1,9.9,7.3,10,-0.036691414,0.115884583,0.323863964,0.12972,0.18759,1.64827,1.84486
Memory Task,subject010,6,6.6,5.2,8.4,9,8.2,9.7,10,1,2.3,6.1,6.1,3.5,1.2,1.6,9.8,9,-0.036691414,0.115884583,0.323863964,0.12649,-0.13043,1.28984,-0.10725
Reading Task,subject010,7,1.8,1.6,2,8.5,8.8,10,3.6,9.4,10,10,1.6,7.1,9.2,8.3,2.2,4.6,-0.19586954,-0.014883893,0.326889586,-1.13273,2.30014,-0.18501,0.57081
Reading Task,subject010,-15,10,1,4.7,7.7,8.7,7.3,6.9,7.9,3.5,3.6,7.2,2.5,8.2,8.4,7.9,7.7,-0.19586954,-0.014883893,0.326889586,0.32914,1.05159,-0.15026,0.76149
Reading Task,subject010,-15,9.7,8.6,6.8,3.2,7.3,2.1,10,4.1,1.7,8.7,3.2,7.1,7.4,9,8.3,6.7,-0.19586954,-0.014883893,0.326889586,0.27472,1.63663,-0.24507,1.31402
Easy Math Task,subject011,8,10,1,10,10,10,1,1,1,10,2.1,10,10,5.7,2.9,1,8.8,-0.124954138,0.332221971,-0.020870498,2.09343,-0.35658,-1.25114,-1.06449
Easy Math Task,subject011,-11,10,1,10,10,10,1,1,2.4,10,1.9,10,10,6,4,1,10,-0.124954138,0.332221971,-0.020870498,2.17086,-0.19412,-1.21421,-0.94768
Easy Math Task,subject011,-5,10,1,10,10,10,1,1,1,10,2.3,10,10,6,3.2,1,10,-0.124954138,0.332221971,-0.020870498,2.19417,-0.32149,-1.20105,-1.0257
Hard Math Task,subject011,14,10,1,10,10,10,1,1,2.6,10,5.6,3.5,10,10,1,6.3,7.7,-0.275798122,0.402380589,-0.407389088,1.23726,1.25479,-1.35411,-1.44902
Hard Math Task,subject011,15,10,1,10,10,1,1,2,1.5,10,2.2,8.4,10,3.2,2.8,1,9,-0.275798122,0.402380589,-0.407389088,2.02918,-1.24387,-0.99906,-1.76323
Hard Math Task,subject011,-7,10,1,10,10,1,1,1.8,1.8,10,8.5,6.8,8.2,1.9,1,1,9.5,-0.275798122,0.402380589,-0.407389088,1.50325,-0.5851,-0.86935,-2.15995
Reading Task,subject011,13,10,1,10,10,1,1,7,7.9,10,7,2.3,8.4,6.7,1,2,8.6,-0.19586954,-0.014883893,0.326889586,0.88023,0.45357,-0.32043,-2.81945
Reading Task,subject011,14,5.3,1,7,10,1,1,1,3.2,7.8,7,3.6,5,8.4,2.1,2.5,4.4,-0.19586954,-0.014883893,0.326889586,-0.16998,0.14296,-1.19048,-1.67135
Reading Task,subject011,5,10,1,8.9,10,1,1,8.8,2,10,3.7,7.7,3.8,7,2.5,1.7,9.2,-0.19586954,-0.014883893,0.326889586,1.31473,-0.90136,-0.00644,-2.45767
Memory Task,subject011,-11,2.9,8,10,10,3.6,8.6,10,2,10,3,1.9,2.1,1,5.8,7.5,10,-0.036691414,0.115884583,0.323863964,-0.31675,-0.40163,1.76717,-1.0895
Memory Task,subject011,-5,10,10,9.1,10,1,8.5,10,2.6,7.5,1,6.1,4.3,1,8,10,10,-0.036691414,0.115884583,0.323863964,0.97521,-0.72848,1.7555,-0.35948
Memory Task,subject011,6,9,10,9.1,10,10,6.9,10,1.4,10,2.2,2.4,2.3,1,3.4,8.5,10,-0.036691414,0.115884583,0.323863964,0.01265,-0.11184,2.06416,-1.26737
You Task,subject011,6,10,2.6,10,10,1,1,7.6,6.3,10,8.4,1,1,1.9,1,10,6,-0.068702623,0.051618542,0.14160951,-0.2536,0.59425,0.18827,-2.81185
You Task,subject011,-15,10,1,10,10,1,1,5.6,1,10,2.1,2.7,6.2,1,4.4,10,7.2,-0.068702623,0.051618542,0.14160951,1.09299,-0.63378,-0.48944,-1.47833
You Task,subject011,5,10,2.2,10,10,1,1,8,7.2,10,2.1,4.2,3.8,1,4.2,10,8,-0.068702623,0.051618542,0.14160951,0.72276,-0.2001,0.17828,-2.10598
Friend Task,subject011,6,10,10,10,10,1,1,8.9,8,10,6.2,1.6,3.2,1.1,2.1,3.6,10,0.066229557,0.061472443,0.208842324,-0.06462,-0.07015,1.50004,-2.98054
Friend Task,subject011,9,10,10,10,10,1,1,9,4.3,10,2.7,3.5,2,1,2.5,3.2,10,0.066229557,0.061472443,0.208842324,0.23649,-1.02164,1.52011,-2.82105
Friend Task,subject011,-12,10,10,10,10,1,1,10,4,10,2.4,3.9,3,1,3.5,3.5,10,0.066229557,0.061472443,0.208842324,0.47062,-1.03289,1.54329,-2.54657
Zero-Back Task,subject011,13,10,1,10,1,1,1,1,1,10,1,9,1,1,6.6,1,4.3,0.092938821,-0.060981931,-0.389395513,0.74735,-1.16326,-2.18986,-0.87304
Zero-Back Task,subject011,-8,10,1,10,1,1,7,1,1,10,1,8.3,4,8.3,7.1,1,8,0.092938821,-0.060981931,-0.389395513,1.31553,-0.39211,-1.9394,-0.42172
Zero-Back Task,subject011,-14,10,1,10,1,1,4.9,7,3.3,10,2.1,6.2,1,8.5,3.9,1,7.9,0.092938821,-0.060981931,-0.389395513,0.60999,-0.2883,-1.05453,-1.77087
One-Back Task,subject011,10,8.6,1,8.7,1,1,1,4.3,8.3,10,4.3,8.5,1,6.7,3.4,1,1,-0.009918255,-0.030028992,-0.537272264,-0.17933,0.35753,-1.8983,-1.91112
One-Back Task,subject011,12,10,1,10,7.2,1,1,10,1,10,1,8.5,4.1,6.1,4.5,1,1,-0.009918255,-0.030028992,-0.537272264,1.058,-1.05141,-0.8789,-1.80224
One-Back Task,subject011,-9,10,1,10,1,1,1,10,1,10,1,3.6,2,7.1,4.3,1,2.8,-0.009918255,-0.030028992,-0.537272264,0.30562,-0.61196,-1.29951,-1.77559
Movie Task-bridge,subject011,10,10,7.3,3.9,10,1,3.5,8.1,1,10,1,7.3,7.4,9,4.3,1,10,-0.055046289,0.280933569,0.317858122,1.14969,-1.14358,1.08085,-1.48
Movie Task-bridge,subject011,10,10,7.3,3.9,10,1,3.5,8.1,1,10,1,7.3,7.4,9,4.3,1,10,-0.055046289,0.280933569,0.317858122,1.14969,-1.14358,1.08085,-1.48
Movie Task-incept,subject011,-14,8,7.8,1,10,1,7.2,9.1,1,10,1,7.8,6.3,7.8,1,1,10,-0.293453447,0.376771714,0.156545561,0.4175,-1.54782,2.04496,-1.80565
Movie Task-incept,subject011,-14,8,7.8,1,10,1,7.2,9.1,1,10,1,7.8,6.3,7.8,1,1,10,-0.293453447,0.376771714,0.156545561,0.4175,-1.54782,2.04496,-1.80565
Two-Back Task-faces,subject011,-5,2.9,2.8,10,1,1,10,7.3,6,10,6.8,1,1,6.7,2.7,1,7,-0.025340712,0.386745896,-0.434225517,-1.0771,0.65987,-0.28633,-1.70256
Two-Back Task-faces,subject011,-5,4.7,7.7,10,1,1,10,10,6.5,10,5.5,1,1,6.3,3,1,10,-0.025340712,0.386745896,-0.434225517,-0.88515,0.42716,0.87124,-1.91361
Two-Back Task-scenes,subject011,9,8.7,1,10,1,1,7.9,8.2,5.3,10,2.8,1,1,8,5.6,1,10,-0.130999829,0.464204275,-0.426960277,0.0412,0.20453,-0.52752,-1.50616
Two-Back Task-scenes,subject011,11,6.6,1,10,1,1,2.3,10,4,10,2.9,1,1,8.7,2.6,1.1,8.6,-0.130999829,0.464204275,-0.426960277,-0.22472,-0.06789,-0.67121,-2.36181
Finger Tapping Task,subject011,-14,2.4,1,8.1,1,1,1,1,1,10,1,1,1,10,1.7,1,1,-0.090963574,-0.241336366,-0.170440839,-1.29326,-0.25214,-2.18195,-1.84437
Finger Tapping Task,subject011,-14,3.4,1,7,1,1,1,3,1,10,1,1,1,7.5,6.9,1,3.4,-0.090963574,-0.241336366,-0.170440839,-0.88226,-0.37008,-1.87528,-0.79514
Finger Tapping Task,subject011,9,1,1,3.5,1,1,1,8.6,1,10,1,1,1,10,8,1,10,-0.090963574,-0.241336366,-0.170440839,-0.7634,-0.52353,-0.59776,-0.64399
GoNoGo Task,subject011,14,6.6,1,10,1,1,1,1,10,10,10,1,1,10,1,3.3,1,-0.31702636,0.036362577,-0.159410417,-1.28642,2.04447,-2.37177,-2.43119
GoNoGo Task,subject011,-6,7.2,1,10,1,1,1,2.2,5.3,10,1.6,1,1,10,1.6,2.3,2.1,-0.31702636,0.036362577,-0.159410417,-0.79188,0.37873,-2.09771,-2.34069
GoNoGo Task,subject011,14,4.6,1,8,1,1,1,3.5,4.4,10,7.8,1,1,8.1,1,1.5,3.2,-0.31702636,0.036362577,-0.159410417,-1.20253,0.6928,-1.70437,-2.15904
Movie Task-incept,subject012,-14,9.9,8,10,10,1.5,1,7.2,8.4,10,3.4,8.2,3,1,3.8,1,7.5,-0.293453447,0.376771714,0.156545561,0.55122,-0.65805,0.76674,-2.52468
Movie Task-incept,subject012,-14,9.9,8,10,10,1.5,1,7.2,8.4,10,3.4,8.2,3,1,3.8,1,7.5,-0.293453447,0.376771714,0.156545561,0.55122,-0.65805,0.76674,-2.52468
Movie Task-bridge,subject012,10,2.1,9.8,2,3.8,9.3,9.2,1.3,2.8,9.6,1.7,8.5,4.6,1,9.2,1.2,2.4,-0.055046289,0.280933569,0.317858122,-1.0177,-0.17601,0.1722,1.40953
Movie Task-bridge,subject012,10,2.1,9.8,2,3.8,9.3,9.2,1.3,2.8,9.6,1.7,8.5,4.6,1,9.2,1.2,2.4,-0.055046289,0.280933569,0.317858122,-1.0177,-0.17601,0.1722,1.40953
GoNoGo Task,subject012,9,10,9.4,10,10,1,7.7,2.6,10,10,9.8,7.5,2,10,1,9.2,8,-0.31702636,0.036362577,-0.159410417,0.11745,1.78989,0.61355,-2.46035
GoNoGo Task,subject012,-13,8.7,1.5,10,8.5,8.3,9.7,10,4.2,10,3.9,7.1,3.8,7.1,8.8,10,10,-0.31702636,0.036362577,-0.159410417,1.27845,1.0942,0.31026,0.04629
GoNoGo Task,subject012,-11,8,9.2,9,8.2,3.5,2.6,10,1,10,3.3,4,3.8,7,6.8,8.6,8,-0.31702636,0.036362577,-0.159410417,0.5146,0.21084,0.80125,-0.97037
Finger Tapping Task,subject012,-12,9.4,7,9,6.6,1,9,7.9,7.3,10,3.3,8.8,4.1,8.1,3.9,1,7.2,-0.090963574,-0.241336366,-0.170440839,0.62865,0.03217,0.62953,-1.77356
Finger Tapping Task,subject012,-6,7.3,1,8.3,8,3,8.9,10,2.9,8.7,5.1,7.8,9,4.9,8.5,7.7,8.3,-0.090963574,-0.241336366,-0.170440839,1.58435,0.31323,0.00179,0.35731
Finger Tapping Task,subject012,13,2.5,2,7.5,3.8,1.5,3.3,6.5,3.6,7.9,1.5,7.6,2.7,3.3,10,7.6,7.3,-0.090963574,-0.241336366,-0.170440839,0.23192,-0.29119,-0.8212,0.36517
Hard Math Task,subject012,14,4.9,8.6,9,7.5,1,2.4,7.2,6.8,9.4,6.2,3,3.7,7,7.8,7.6,10,-0.275798122,0.402380589,-0.407389088,-0.02132,0.96373,0.44653,-1.02972
Hard Math Task,subject012,-7,8.2,10,5.9,9,1,9.3,8.5,1,8.8,7.1,4.1,4.4,9,8,8.3,7.8,-0.275798122,0.402380589,-0.407389088,0.26015,0.6721,1.24396,-0.08585
Hard Math Task,subject012,12,8,10,3,10,1,9.1,10,1,7.5,8.6,3.3,7.3,10,10,8.2,8.2,-0.275798122,0.402380589,-0.407389088,0.37244,0.90904,1.48788,0.7428
Easy Math Task,subject012,-7,1,1,6.6,9.5,1,1,1,1,1,1,5.6,1,2.9,8.8,1,1,-0.124954138,0.332221971,-0.020870498,-0.80819,-1.46659,-1.51551,0.58299
Easy Math Task,subject012,-11,5.8,8.5,9.7,8.6,1,1,1.5,1,9,8.8,2.5,2.6,9,4.1,9.5,10,-0.124954138,0.332221971,-0.020870498,0.01676,0.93001,-0.28174,-1.42071
Easy Math Task,subject012,-15,6,7.8,9.5,8.3,1,1,8.3,1,8.4,10,1,7.4,8,5.3,10,9.7,-0.124954138,0.332221971,-0.020870498,0.51376,1.10662,0.19003,-0.9336
You Task,subject012,-10,8.3,10,7.5,8.5,1,1,8.9,2.2,8.1,7.1,9,6.8,1,7.4,10,8.1,-0.068702623,0.051618542,0.14160951,1.0981,-0.06954,0.74575,-0.28584
You Task,subject012,14,4.4,9.3,7.9,10,1,1,8.9,2.3,9,2.6,8.1,6.9,4.2,6.2,10,8.6,-0.068702623,0.051618542,0.14160951,0.84186,-0.42101,0.9054,-0.84073
You Task,subject012,-11,1.8,10,8,10,1,8.5,10,6.7,2.6,1.4,10,7.2,2.8,8.4,10,8.8,-0.068702623,0.051618542,0.14160951,0.50956,-0.38055,1.51386,0.66392
Friend Task,subject012,12,4,10,8.2,8.4,1,10,10,3.2,8.2,1,8.6,10,10,8.4,7.3,8.4,0.066229557,0.061472443,0.208842324,1.16607,0.11047,1.09828,0.21636
Friend Task,subject012,7,3.2,10,7,10,1,8.9,10,1,8.9,1,10,9.9,10,7.7,4.6,9.5,0.066229557,0.061472443,0.208842324,1.31465,-0.53917,1.38212,-0.0634
Friend Task,subject012,15,7.7,10,2.4,10,1,10,10,1,8.7,1,9.5,7.2,3.4,7.8,8.4,9.1,0.066229557,0.061472443,0.208842324,0.89269,-1.04232,2.1498,0.29479
Zero-Back Task,subject012,-8,1,1,3.7,7.6,1,10,1,1,8.2,1,8.1,7.4,7.6,9.9,8,8.4,0.092938821,-0.060981931,-0.389395513,0.57882,-0.28466,-0.69157,1.29242
Zero-Back Task,subject012,9,3.9,10,1,8.3,1,10,10,1,7.5,8.1,8.9,7.8,8.1,3.7,10,8.5,0.092938821,-0.060981931,-0.389395513,0.12105,0.25351,1.92331,0.06359
Zero-Back Task,subject012,-8,8.2,10,9.1,8.3,1,10,10,1,8.1,9.2,3.2,7.7,10,8.8,10,9,0.092938821,-0.060981931,-0.389395513,0.90716,1.38549,0.95538,0.2806
One-Back Task,subject012,-14,2.6,1,7.4,1,1,10,10,1,7.4,1,8.6,7.9,3.9,10,1,8,-0.009918255,-0.030028992,-0.537272264,0.98102,-0.93758,-0.56729,1.05741
One-Back Task,subject012,-11,8.5,10,8.7,7.6,1,10,1,1,8,9.2,2.6,8.3,10,8.3,10,8.3,-0.009918255,-0.030028992,-0.537272264,0.67451,1.61185,-0.19764,0.59533
One-Back Task,subject012,-8,7.7,1,7.6,9.9,1,10,8.2,6.3,8,8.7,2.4,3.1,10,9,10,10,-0.009918255,-0.030028992,-0.537272264,0.41187,1.59078,0.25699,-0.20529
Two-Back Task-scenes,subject012,7,10,1,10,8.5,1,10,7.3,8.5,8.9,4.2,8.2,7.8,2.1,1,10,9,-0.130999829,0.464204275,-0.426960277,1.29615,0.18858,0.36468,-1.69689
Two-Back Task-scenes,subject012,-6,8.2,1,10,10,1,10,10,4.1,9,1,8.7,8,1,3.1,1,8.1,-0.130999829,0.464204275,-0.426960277,1.47033,-1.44575,0.71795,-1.54319
Two-Back Task-faces,subject012,-15,9.1,10,10,8.5,1,10,10,1,8.9,1,10,9,8.9,2.3,1,8.3,-0.025340712,0.386745896,-0.434225517,1.58446,-0.95772,1.29566,-1.53383
Two-Back Task-faces,subject012,-9,8.5,10,10,10,1,10,7.7,1,10,3,8.8,8.6,8.2,3.3,1,8.2,-0.025340712,0.386745896,-0.434225517,1.38536,-0.64633,1.16976,-1.46033
Reading Task,subject012,-7,10,1,8.1,3.2,1,1.3,10,10,10,1,2.4,3,8.5,2.4,10,8,-0.19586954,-0.014883893,0.326889586,0.12004,0.7563,-0.35819,-2.38702
Reading Task,subject012,10,9.5,10,10,10,1,8.8,8.3,10,10,8.9,2,1,10,2.8,10,10,-0.19586954,-0.014883893,0.326889586,-0.3247,1.86936,1.61986,-2.42836
Reading Task,subject012,-5,10,10,10,9.9,1,10,10,10,9.9,7.3,4.4,10,10,10,10,10,-0.19586954,-0.014883893,0.326889586,1.32163,2.10489,1.16578,-0.27786
Memory Task,subject012,-10,10,10,1,10,8.1,10,10,1,10,1,10,10,1,10,1,8.6,-0.036691414,0.115884583,0.323863964,1.2304,-1.05735,2.1394,1.05302
Memory Task,subject012,-14,9,1,1.3,9.9,1,10,10,2,9.6,7.2,9.5,10,1.1,10,10,10,-0.036691414,0.115884583,0.323863964,1.6869,-0.16076,0.95286,1.09189
Memory Task,subject012,5,10,10,1,1,1,10,10,1,10,1,10,10,1,10,10,10,-0.036691414,0.115884583,0.323863964,1.30898,-0.6498,1.25118,1.45513
Movie Task-incept,subject013,12,4.3,6.3,4.4,4.9,3.7,8,9.5,3.3,8,1,3.6,6.9,1,5,4.4,7.5,-0.293453447,0.376771714,0.156545561,-0.31413,-0.76971,1.06999,-0.20719
Movie Task-incept,subject013,12,4.3,6.3,4.4,4.9,3.7,8,9.5,3.3,8,1,3.6,6.9,1,5,4.4,7.5,-0.293453447,0.376771714,0.156545561,-0.31413,-0.76971,1.06999,-0.20719
Movie Task-bridge,subject013,-10,6.3,8.2,2,1.9,2.4,10,8.6,8,7,2.8,5,3.6,4.4,5.1,1,7.5,-0.055046289,0.280933569,0.317858122,-0.95489,-0.17103,1.18174,-0.34818
Movie Task-bridge,subject013,-10,6.3,8.2,2,1.9,2.4,10,8.6,8,7,2.8,5,3.6,4.4,5.1,1,7.5,-0.055046289,0.280933569,0.317858122,-0.95489,-0.17103,1.18174,-0.34818
Two-Back Task-scenes,subject013,14,6.5,2,2,1.6,2.7,3,3,9,5.4,6.2,2,2.2,1.2,3,1.6,1,-0.130999829,0.464204275,-0.426960277,-1.8365,0.23949,-0.97484,-0.67003
Two-Back Task-scenes,subject013,-7,3.3,1.6,5.4,6.8,1.4,10,3.7,2.2,2,1,8.2,7.1,5.7,5.1,4.3,5.7,-0.130999829,0.464204275,-0.426960277,0.25331,-0.92054,-0.4983,0.72992
Two-Back Task-faces,subject013,6,5.4,7.3,7.2,7,1,9.4,2.7,1.6,3.5,2.7,7.4,5.9,6.4,4.7,4,5.6,-0.025340712,0.386745896,-0.434225517,0.14318,-0.57784,-0.06773,0.17013
Two-Back Task-faces,subject013,-13,3,6.2,6.4,9.8,1,9.7,5.9,2.6,2.6,1.6,8.4,6.3,6,4.8,2.4,5,-0.025340712,0.386745896,-0.434225517,0.05206,-1.04363,0.54276,0.07955
Reading Task,subject013,-6,10,7.7,2,7.2,1.6,8.8,7,3.1,3.3,3.2,4.7,8.5,3.3,6.4,1.8,7.9,-0.19586954,-0.014883893,0.326889586,0.28141,-0.86572,1.03466,0.56572
Reading Task,subject013,-5,1.9,1.6,2,7,1,10,6.5,1,2,2.8,3,1.6,3,5.8,1.6,6,-0.19586954,-0.014883893,0.326889586,-1.22738,-1.37079,0.4702,0.52428
Reading Task,subject013,10,8,4.2,6.7,8.2,1,8.4,9,9,8,4.8,3.3,8.4,9.8,4.5,9.1,7.4,-0.19586954,-0.014883893,0.326889586,0.3887,1.21962,0.52555,-0.96236
Memory Task,subject013,12,8.8,7.5,1,3.5,4.7,10,10,1.9,1,1,7.3,10,1,9.2,7.9,10,-0.036691414,0.115884583,0.323863964,0.76428,-0.78129,1.11289,2.35929
Memory Task,subject013,10,3.5,6.2,5.7,6.4,1,9.1,3.1,2.7,7.2,4.5,4.9,7,10,7.2,7.8,9,-0.036691414,0.115884583,0.323863964,0.18389,0.60888,-0.0885,0.41072
Memory Task,subject013,15,1.4,9,2.3,9.3,1,2.2,10,2.4,1.9,1,9.2,3.4,1,7.8,4.2,9.9,-0.036691414,0.115884583,0.323863964,-0.22634,-1.87759,1.62471,0.40819
GoNoGo Task,subject013,-9,1.9,1,3,7,1,1,1,1,3.2,1.5,1.2,1,6.9,5,1,8.1,-0.31702636,0.036362577,-0.159410417,-1.13479,-1.19626,-0.84066,-0.41385
GoNoGo Task,subject013,10,1.9,7.3,3.7,2.2,10,7.1,1.8,6.4,5,5.8,2.2,1.9,1.4,6,1.3,7.7,-0.31702636,0.036362577,-0.159410417,-1.82066,0.61692,0.04511,0.69082
GoNoGo Task,subject013,9,5.6,6,1.1,7.4,8,2.5,9.1,7.5,7,4.7,2.5,4.2,1,5.2,9,8.2,-0.31702636,0.036362577,-0.159410417,-0.97396,0.48581,1.26543,-0.21159
Finger Tapping Task,subject013,-6,3.7,6.3,2.2,5,7.4,4.5,6.2,4.7,6.1,5.5,2,5.1,1,5.2,8,7.5,-0.090963574,-0.241336366,-0.170440839,-1.09522,0.43709,0.6034,0.39098
Finger Tapping Task,subject013,8,2,1.9,8,8,1,1,1,2.8,7,1,6.1,1,9,6.2,9,7.6,-0.090963574,-0.241336366,-0.170440839,-0.0954,-0.12686,-1.18726,-0.71598
Finger Tapping Task,subject013,-13,5.7,8,1,7.2,1,7.8,7.3,8.1,5.2,7.2,2.1,7.1,1.4,2.7,2.7,8.4,-0.090963574,-0.241336366,-0.170440839,-1.02937,-0.12982,1.60186,-0.67773
One-Back Task,subject013,-12,4.1,1,7.6,9.3,1,7.9,1.2,1,5.6,1,9.8,8.5,7.5,5.1,1,8,-0.009918255,-0.030028992,-0.537272264,1.19929,-1.12543,-0.86444,-0.09491
One-Back Task,subject013,-11,3.9,6,5.4,8.6,1,8.2,3.5,1.8,7.4,3.9,6,5,7.6,6,1.2,8,-0.009918255,-0.030028992,-0.537272264,0.00533,-0.50975,0.29014,-0.34073
One-Back Task,subject013,-6,7.2,6.9,7,8.5,1,8.6,1,7.2,7,6.4,2,8.7,7.8,3.5,9,7,-0.009918255,-0.030028992,-0.537272264,-0.06827,1.22783,-0.03625,-0.63446
Zero-Back Task,subject013,12,8.5,1.3,1,8.3,1,7.3,7.4,8.8,7.5,5.1,3.5,7,8,2.6,8.6,8.2,0.092938821,-0.060981931,-0.389395513,-0.11977,0.63487,0.65209,-1.02667
Zero-Back Task,subject013,7,7.2,9.6,3.4,7,7,10,9,8.8,9.1,7.8,3,6.7,1,1.6,1.8,8.2,0.092938821,-0.060981931,-0.389395513,-0.85943,0.56982,2.08755,-1.16028
Zero-Back Task,subject013,-15,2.1,7.5,5.6,7.7,1,6.7,6.9,6.3,5.4,2.8,5.3,1.6,1.1,4.9,4.1,6.1,0.092938821,-0.060981931,-0.389395513,-1.10495,-0.74623,1.04934,-0.71561
Friend Task,subject013,-11,2,10,1,8.8,1,9.1,9,1.2,7,2.8,8.4,6,1,7.5,1,10,0.066229557,0.061472443,0.208842324,-0.1492,-1.65633,2.17227,0.36142
Friend Task,subject013,9,1,8.1,1,8.1,1,8.7,9.8,2.7,7,3.6,4,5.1,1,6.2,2,8.3,0.066229557,0.061472443,0.208842324,-0.96489,-1.19855,1.99424,-0.03641
Friend Task,subject013,14,2.7,8.9,3.8,7.8,1,8,7.8,2,5.3,2.5,3.3,3.3,1,4.3,3.2,7.1,0.066229557,0.061472443,0.208842324,-1.05398,-1.29265,1.5888,-0.44648
You Task,subject013,5,3.7,2.3,2.1,7.5,2,8,4,4.5,4.4,2,2.7,9.2,8.1,4.1,9.1,7.6,-0.068702623,0.051618542,0.14160951,-0.24481,0.14146,-0.00081,0.32483
You Task,subject013,5,3,1.3,6.6,9,1,6.9,8,2,3.8,2.9,3.7,6.7,3.3,4.8,7.4,7.8,-0.068702623,0.051618542,0.14160951,0.13325,-0.73135,0.231,-0.05986
You Task,subject013,-9,2.6,1.8,2.2,9.6,1,3.1,7.6,1.9,2.3,5.5,3,4.1,4,4.7,7.5,7,-0.068702623,0.051618542,0.14160951,-0.70183,-0.62203,0.3598,0.02779
Easy Math Task,subject013,6,1,1,8.1,7.9,1,1,2.9,1.4,2.1,1.6,1.7,1.8,2.1,5,1,7,-0.124954138,0.332221971,-0.020870498,-0.78869,-1.4845,-0.8844,-0.55343
Easy Math Task,subject013,-7,1,1,7,8,1,1,3.9,3.8,2,6.3,3.1,6.2,1,5,6.3,8,-0.124954138,0.332221971,-0.020870498,-0.31191,-0.39513,-0.78936,0.00492
Easy Math Task,subject013,13,2,1,9,8.9,1,2.6,2.2,2,2.5,6.1,3,3.7,5.6,5.4,7.1,7,-0.124954138,0.332221971,-0.020870498,-0.23558,-0.002,-1.1636,-0.12526
Hard Math Task,subject013,-10,3,1,7.6,8.7,1,1,1.9,1,2.3,1,9,6.8,1,4.9,1,8.8,-0.275798122,0.402380589,-0.407389088,0.80205,-1.96559,-0.99149,-0.12858
Hard Math Task,subject013,-8,2.4,1,8.2,8.5,1,1,2,2,3.1,4.6,5.8,3.1,1,4.3,1,8.2,-0.275798122,0.402380589,-0.407389088,-0.08984,-1.30434,-0.91313,-0.66158
Hard Math Task,subject013,7,7.6,1,6.5,8.4,1,1,1,8.1,7.9,8,4,3.6,9.1,2.9,1.8,7.8,-0.275798122,0.402380589,-0.407389088,-0.10465,0.72977,-1.06515,-1.89399
Hard Math Task,subject014,5,5.8,1,8,8.9,1,4,9.3,6.9,5.8,6.3,7.5,8.1,8,2.3,7.6,9.6,-0.275798122,0.402380589,-0.407389088,0.97742,0.42148,0.02008,-1.30624
Hard Math Task,subject014,-7,9.3,1,8.8,1.6,1,1,10,9.2,7.8,7.6,8.9,10,1,1,8.7,6.6,-0.275798122,0.402380589,-0.407389088,1.15144,0.61565,-0.86037,-1.4427
Hard Math Task,subject014,-10,8.2,1,10,1,1,4,10,10,7.4,8.2,7.6,8.9,5.8,1,10,10,-0.275798122,0.402380589,-0.407389088,1.11078,1.34057,-0.72186,-1.45837
Easy Math Task,subject014,15,9.6,1,10,1,1,1,10,3.6,4.8,6.3,6.3,10,6.6,8.8,10,8.9,-0.124954138,0.332221971,-0.020870498,1.85022,0.90134,-1.62702,0.65738
Easy Math Task,subject014,14,8,1,10,1,1,1,9.7,2.1,2.5,7.5,8.7,9.5,1,10,10,10,-0.124954138,0.332221971,-0.020870498,1.95694,0.23045,-1.53218,1.43969
Easy Math Task,subject014,12,1.9,1,9.9,1,1,3.9,4,2.4,2,5.6,3.2,10,6.9,10,10,8.7,-0.124954138,0.332221971,-0.020870498,0.72689,0.94346,-2.19511,1.7991
Finger Tapping Task,subject014,10,2.6,1,6.1,1,1,6.3,3.4,1.5,1.6,6.4,4,6.9,3.8,10,7.8,9.4,-0.090963574,-0.241336366,-0.170440839,0.18669,0.27514,-1.54265,2.04597
Finger Tapping Task,subject014,10,6.5,1,2.9,7.2,1,2.2,10,1,2.5,3.2,6.2,6.9,10,10,10,3.4,-0.090963574,-0.241336366,-0.170440839,0.57903,0.10619,-0.75825,1.32863
Finger Tapping Task,subject014,7,8.1,8.3,1.9,1,1,8.7,1,1,9.1,2.4,4,7.1,8.6,10,7.2,7.2,-0.090963574,-0.241336366,-0.170440839,0.08269,0.43588,-0.54437,1.31346
GoNoGo Task,subject014,-10,7.2,1,9,1,1,7.5,1,3.5,3.9,6.6,7.6,6.8,6.2,4.5,7.3,3.7,-0.31702636,0.036362577,-0.159410417,0.49052,0.69246,-2.17985,0.49109
GoNoGo Task,subject014,-5,7.1,1,8.1,1,1,9.5,4.4,4,3.1,7.8,3.9,7.7,8.8,4.7,7.4,9,-0.31702636,0.036362577,-0.159410417,0.5105,1.07315,-1.32228,0.52657
GoNoGo Task,subject014,5,8.2,1,10,1,1,10,9.3,6.5,1,7.7,3.4,10,3.1,6.7,7.7,8.6,-0.31702636,0.036362577,-0.159410417,0.86863,0.89435,-0.86111,1.03075
Movie Task-bridge,subject014,13,8.7,1,10,1,10,1,1,10,10,8.9,8,10,9.3,6.5,10,1,-0.055046289,0.280933569,0.317858122,0.80294,3.28341,-3.05562,0.31727
Movie Task-bridge,subject014,13,8.7,1,10,1,10,1,1,10,10,8.9,8,10,9.3,6.5,10,1,-0.055046289,0.280933569,0.317858122,0.80294,3.28341,-3.05562,0.31727
Movie Task-incept,subject014,-9,9.4,10,1,1,8.8,10,8.9,4.2,9,9.6,1,10,1,10,1,10,-0.293453447,0.376771714,0.156545561,-0.17749,1.12675,1.13663,1.59435
Movie Task-incept,subject014,-9,9.4,10,1,1,8.8,10,8.9,4.2,9,9.6,1,10,1,10,1,10,-0.293453447,0.376771714,0.156545561,-0.17749,1.12675,1.13663,1.59435
Two-Back Task-scenes,subject014,10,10,1,10,1,1,8.7,1,10,9.1,9.2,1.4,8.7,10,1.1,10,1,-0.130999829,0.464204275,-0.426960277,-0.13509,2.67852,-2.16249,-1.14537
Two-Back Task-scenes,subject014,-15,9.2,1,10,1,1,10,10,7.8,1,6.5,2.7,9.2,2,6.7,10,10,-0.130999829,0.464204275,-0.426960277,0.8667,0.89665,-0.56201,0.89657
Two-Back Task-faces,subject014,14,8.2,1,10,1,1,10,10,3.7,1,4.8,3.4,9,1,9.2,7.1,10,-0.025340712,0.386745896,-0.434225517,1.11894,0.04581,-0.68386,1.53377
Two-Back Task-faces,subject014,-9,7.5,1,10,1,1,10,10,3.7,1,5.6,3.4,8.3,2.6,10,1,10,-0.025340712,0.386745896,-0.434225517,0.97837,-0.13339,-0.77134,1.41013
Friend Task,subject014,15,10,10,3.6,1,1,8.8,10,5.7,1,6.7,4,10,1,9.4,2.8,10,0.066229557,0.061472443,0.208842324,0.36895,0.00912,0.82536,1.64515
Friend Task,subject014,-6,8.9,10,1,7,9.9,10,10,6,2.7,6,4,8.4,6.8,10,3.8,10,0.066229557,0.061472443,0.208842324,0.00544,1.02597,1.6427,1.87238
Friend Task,subject014,7,7.2,10,1,7.6,8.6,10,10,6.7,2.4,5.7,4.9,7.3,1,9.6,4,10,0.066229557,0.061472443,0.208842324,-0.28501,0.30336,2.01159,1.73944
You Task,subject014,-15,7.3,6.9,1,6.5,1,10,10,1.9,1.5,6.2,3.8,9,6.6,9.1,10,10,-0.068702623,0.051618542,0.14160951,0.34889,0.26505,1.13175,1.84611
You Task,subject014,12,8.9,6.9,1,7.2,1,9.2,10,1,3.3,6.4,4.4,6.8,10,9.4,10,10,-0.068702623,0.051618542,0.14160951,0.48834,0.48796,1.07861,1.42253
You Task,subject014,-12,8.1,6.8,1,9.2,1,8.7,6.4,8.1,1,7.4,3.7,4,8.1,7.5,10,10,-0.068702623,0.051618542,0.14160951,-0.47287,0.92259,1.156,0.74772
Reading Task,subject014,-7,8.2,1,1,7.1,4.4,9.3,6.5,1.7,1.2,4.7,3.6,8.3,1,9,3.1,10,-0.19586954,-0.014883893,0.326889586,0.40146,-0.73578,0.28734,1.87961
Reading Task,subject014,12,8.8,10,1,7,7.8,8.3,9.5,1,1.7,3.2,4.9,8.3,1,10,1,10,-0.19586954,-0.014883893,0.326889586,0.26727,-0.84752,1.64217,1.98644
Reading Task,subject014,9,10,8,1,1,8.3,8.3,9.7,9.2,8,7,5.3,6.7,6.4,7.7,7.7,10,-0.19586954,-0.014883893,0.326889586,-0.09049,1.79148,0.92651,0.80534
Memory Task,subject014,-7,10,1,1,8,1,10,10,1,1,6.1,7,9.7,1,8.9,10,10,-0.036691414,0.115884583,0.323863964,1.26359,-0.60466,0.68386,2.00287
Memory Task,subject014,10,7.7,10,1,7.7,10,10,1,1,1,6.8,7,8.4,10,10,6.4,10,-0.036691414,0.115884583,0.323863964,0.34955,1.10009,0.33829,2.81059
Memory Task,subject014,6,7.8,1,1,7,1,7.6,3.5,8.7,6.9,7.4,1.1,6.8,1,7.3,8.8,3.2,-0.036691414,0.115884583,0.323863964,-0.8018,0.87257,-0.30188,0.4711
Zero-Back Task,subject014,8,5.9,1,1,1,1,10,1,1,1,6.3,2.4,8,1,10,8.5,6.8,0.092938821,-0.060981931,-0.389395513,-0.27368,0.06223,-1.26319,2.8415
Zero-Back Task,subject014,9,9.5,6.6,1,8.3,1,10,10,10,6.4,8.2,2.9,6.4,1,8.7,7.2,10,0.092938821,-0.060981931,-0.389395513,-0.21025,0.66743,1.83795,0.34691
Zero-Back Task,subject014,-6,8.7,10,1,9,1,9.7,8.3,8.8,10,8.5,1,10,8.9,10,10,9.2,0.092938821,-0.060981931,-0.389395513,0.01154,1.92801,1.62066,0.45189
One-Back Task,subject014,-7,6.1,1,10,1,1,10,10,1,1,6.3,7.6,10,1,10,7.1,6.9,-0.009918255,-0.030028992,-0.537272264,1.40141,-0.05475,-1.09711,2.16165
One-Back Task,subject014,-12,8.8,1,10,9.3,1,10,9.9,1,1,5.9,10,9.4,1,10,1,10,-0.009918255,-0.030028992,-0.537272264,2.20079,-1.09048,-0.02676,1.29108
One-Back Task,subject014,9,9.3,1,10,10,1,9.1,10,1,1,6.1,10,10,1,10,1,10,-0.009918255,-0.030028992,-0.537272264,2.33992,-1.0922,-0.03218,1.22748
Reading Task,subject015,-14,6,2.9,5,9.2,5.1,8.2,7.2,8.8,5.3,2,1,7.2,5,7,1,9.2,-0.19586954,-0.014883893,0.326889586,-0.22187,0.08476,0.66743,-0.15226
Reading Task,subject015,-15,8,7.2,9.1,10,6.8,10,10,5.5,8.4,7.2,4,9,10,8.2,3.1,9.5,-0.19586954,-0.014883893,0.326889586,0.95635,1.40985,0.9399,-0.05083
Reading Task,subject015,-5,7,4.5,6.5,9,3,5.2,8,7.5,7.5,7,4.5,7,8.5,5,6.1,8,-0.19586954,-0.014883893,0.326889586,0.30767,1.02902,0.35753,-0.87184
Memory Task,subject015,15,7.2,5,3,9.5,3,10,8.5,5.6,8.5,2,9,9.1,1,7.5,10,10,-0.036691414,0.115884583,0.323863964,1.01102,-0.34679,1.4171,0.44533
Memory Task,subject015,-15,9,10,2.2,9,2.2,10,10,4.1,8.3,4.5,10,9,1,5.2,6.4,10,-0.036691414,0.115884583,0.323863964,0.89341,-0.65958,2.2572,-0.09903
Memory Task,subject015,-9,6.2,9,2.8,9,3,10,9.3,4.8,4,5,9.5,8,1,5.6,7,10,-0.036691414,0.115884583,0.323863964,0.44943,-0.52578,1.94162,0.55135
Zero-Back Task,subject015,-15,10,1,9,8.5,9.1,10,1,2,10,5,10,9.5,2,5.1,9,10,0.092938821,-0.060981931,-0.389395513,1.93628,0.50881,-0.6209,0.33301
Zero-Back Task,subject015,7,9.3,1.6,9.4,8,10,9.4,2.1,2.5,10,2,9.2,9.1,1.2,5.1,9,10,0.092938821,-0.060981931,-0.389395513,1.74824,0.1993,-0.41108,0.21448
Zero-Back Task,subject015,-12,7,1.3,8.5,8.4,8.7,9.3,1.5,7.6,7.2,5.2,7.6,3.7,2.2,5.8,1.9,10,0.092938821,-0.060981931,-0.389395513,0.39442,0.41517,-0.29209,-0.20989
One-Back Task,subject015,7,7,3.1,8,7.2,6.9,9.7,5.8,7.3,9,7.5,7.3,6.2,7.6,6,1.1,9.3,-0.009918255,-0.030028992,-0.537272264,0.62526,1.10115,0.01039,-0.41676
One-Back Task,subject015,-12,8.3,2.6,8,8,6,10,2,6.8,7.5,6.8,4.5,8,5,6.9,4.3,8.9,-0.009918255,-0.030028992,-0.537272264,0.65031,1.0873,-0.4392,0.217
One-Back Task,subject015,-10,8.6,3.2,9.1,9,7.2,9,2.3,7.4,8.2,5.3,5,7.8,8.5,6,7.4,9.5,-0.009918255,-0.030028992,-0.537272264,0.87646,1.53199,-0.38476,-0.18978
Movie Task-bridge,subject015,-10,10,6.6,8.8,8.7,9,6.5,4.4,7,5,8.2,2.5,8,9,7.6,4,4.2,-0.055046289,0.280933569,0.317858122,0.22149,1.99921,-0.48065,0.43118
Movie Task-bridge,subject015,-10,10,6.6,8.8,8.7,9,6.5,4.4,7,5,8.2,2.5,8,9,7.6,4,4.2,-0.055046289,0.280933569,0.317858122,0.22149,1.99921,-0.48065,0.43118
Movie Task-incept,subject015,12,8.2,5.8,8,7,4.5,5.7,4.5,5.1,6.1,9,3.3,6.7,10,4.5,2.1,5.8,-0.293453447,0.376771714,0.156545561,0.07227,1.28012,-0.47575,-0.57562
Movie Task-incept,subject015,12,8.2,5.8,8,7,4.5,5.7,4.5,5.1,6.1,9,3.3,6.7,10,4.5,2.1,5.8,-0.293453447,0.376771714,0.156545561,0.07227,1.28012,-0.47575,-0.57562
Finger Tapping Task,subject015,13,9.5,1.2,9.2,8.5,7.4,4,2.9,2.4,8.8,5.1,3.6,7.4,9.6,5,2,5.1,-0.090963574,-0.241336366,-0.170440839,0.7969,0.79806,-1.29351,-0.68439
Finger Tapping Task,subject015,-6,8.3,2.4,8.5,8.3,4.8,10,3,2.5,7.1,5,3,6.8,8.2,6,2.6,7.1,-0.090963574,-0.241336366,-0.170440839,0.53763,0.50365,-0.53917,-0.08106
Finger Tapping Task,subject015,14,8.6,2.3,9.1,7,7,6.2,8.5,8.3,9,5.1,3.7,7.4,9,6.1,7.8,8.7,-0.090963574,-0.241336366,-0.170440839,0.76193,1.66581,-0.1763,-0.6141
GoNoGo Task,subject015,10,7.3,4.2,8.1,9.5,7,8.9,3.2,9.2,7.7,6.7,3.8,9,6.8,5.4,5.2,7.8,-0.31702636,0.036362577,-0.159410417,0.35447,1.55865,-0.06154,-0.29172
GoNoGo Task,subject015,6,7.8,2.1,5,5.7,7.6,8.1,6.9,8.6,8,6.5,4.3,5.6,8.1,6.7,6.1,7.5,-0.31702636,0.036362577,-0.159410417,-0.00504,1.63586,-0.10872,0.06704
GoNoGo Task,subject015,-7,4.4,3.1,8,8.3,5.3,9,5.2,4.1,8,5.3,4.7,8,8.9,6.2,2.9,8.8,-0.31702636,0.036362577,-0.159410417,0.52411,0.699,-0.13677,-0.12131
Two-Back Task-scenes,subject015,14,7.5,3.3,7.3,10,5.4,8.1,9.1,7.7,8.7,7.4,9,8.7,9.4,7.2,1.9,7.5,-0.130999829,0.464204275,-0.426960277,1.15467,1.08932,0.29167,-0.34849
Two-Back Task-scenes,subject015,12,6.3,3.7,8.2,8.3,8.2,8.9,9.3,8.9,8.7,5.1,7.6,8.3,8.7,5.4,3,7.6,-0.130999829,0.464204275,-0.426960277,0.70926,1.22416,0.41007,-0.54244
Two-Back Task-faces,subject015,6,7.2,7.7,9,7.8,4.2,6.1,8.4,8,9,4.6,6.8,8.2,8.5,6.4,3.7,8.3,-0.025340712,0.386745896,-0.434225517,0.80787,0.9099,0.48559,-0.80785
Two-Back Task-faces,subject015,-5,8.6,4.7,7.4,7.6,1.8,8,7.9,6.3,7.6,5.5,5,7.3,6.9,6.6,3.5,8.2,-0.025340712,0.386745896,-0.434225517,0.67864,0.47243,0.31413,-0.50232
You Task,subject015,12,7.6,1,5.4,8,2.3,3,6.9,5.4,6.8,5,4,8.7,2.4,8.2,10,6.5,-0.068702623,0.051618542,0.14160951,0.66577,0.42419,-0.48039,0.34516
You Task,subject015,-14,8.4,1.1,8.3,6.6,3.1,3.1,8.6,6.3,7.6,6.9,2.9,8,3,7.6,10,9.1,-0.068702623,0.051618542,0.14160951,0.88253,0.97595,-0.43462,-0.13705
You Task,subject015,-11,8,1,8,8.6,2.4,4.2,9.1,5.2,7,6.3,3.6,8,2,7.8,10,9.4,-0.068702623,0.051618542,0.14160951,1.0117,0.49733,-0.04983,-0.03952
Friend Task,subject015,-5,7.4,10,7,7.9,2.8,6,4.4,4.9,8.6,5.3,2.3,7.7,1.6,6.4,1.9,8.5,0.066229557,0.061472443,0.208842324,0.0146,-0.02514,0.76929,-0.54064
Friend Task,subject015,15,8.3,10,7.7,7.3,3.6,5.6,8.8,6.6,8,4.5,3.2,8.1,1.8,7.8,1.6,8.3,0.066229557,0.061472443,0.208842324,0.31347,0.08911,1.04143,-0.39911
Friend Task,subject015,12,8.3,10,8.5,8.7,7.5,4.2,8.5,6.7,8.4,4.7,2.7,7.7,2.1,6.7,1.3,8.5,0.066229557,0.061472443,0.208842324,0.23377,0.3817,1.08787,-0.67629
Hard Math Task,subject015,-9,8.9,1,9.2,9.1,8.2,2.6,2.1,5.6,8.2,4.4,9,9.1,1,4.5,1,9.7,-0.275798122,0.402380589,-0.407389088,1.51384,-0.16871,-0.83238,-0.68568
Hard Math Task,subject015,12,7.8,1,9.3,7.7,7.6,3.1,2,4.5,8.1,2,8.4,9.1,2.5,4.2,1.5,9.5,-0.275798122,0.402380589,-0.407389088,1.40273,-0.38829,-0.98322,-0.64187
Hard Math Task,subject015,-15,8.8,1.7,9.4,9.1,7.4,3,8,5,8.7,3.8,9.1,8.4,1.5,4.8,1,9.3,-0.275798122,0.402380589,-0.407389088,1.5597,-0.40432,-0.05814,-0.95675
Easy Math Task,subject015,-10,9.2,1.1,8.7,8.3,8.2,2.3,9.8,4.8,9.1,4.3,9,9.7,8.7,4.9,1.5,9.8,-0.124954138,0.332221971,-0.020870498,1.8663,0.40715,-0.3076,-0.93664
Easy Math Task,subject015,-6,9.4,1.5,10,8.7,9,2,9.7,6.2,9.3,3.8,9.2,9.2,2,5.3,1.2,10,-0.124954138,0.332221971,-0.020870498,1.81487,-0.0584,-0.04139,-0.98371
Easy Math Task,subject015,13,9.5,1.4,10,9.6,7,5.7,9.3,4.9,8.9,4,9.4,8.5,2.4,4.9,1.5,10,-0.124954138,0.332221971,-0.020870498,1.81262,-0.30762,0.241,-0.94483
Zero-Back Task,subject016,6,8,2.5,5,5,1,4,3.5,2,3.5,1.5,8,3,2,7,1,6,0.092938821,-0.060981931,-0.389395513,0.25075,-1.4336,-0.77786,0.24054
Zero-Back Task,subject016,12,7,1.9,2,4,3,7.5,4,2,3,1,5,4,1,7.5,1,8,0.092938821,-0.060981931,-0.389395513,-0.22057,-1.37438,-0.2317,0.9693
Zero-Back Task,subject016,-13,7,1,2,5,1,4.5,1,1.5,1.5,1,1.5,1.5,1,4.5,1,2,0.092938821,-0.060981931,-0.389395513,-1.33812,-1.56505,-0.95916,0.16505
One-Back Task,subject016,15,2,1,5,9,1,6,8,1,1,1,8,6.5,1,5,1,7,-0.009918255,-0.030028992,-0.537272264,0.24076,-2.0927,0.2112,0.29406
One-Back Task,subject016,-13,8,1,2,9,1,7,8,2,1,1,9,8.5,1,6,1,8,-0.009918255,-0.030028992,-0.537272264,0.92884,-2.0485,0.43691,0.68596
One-Back Task,subject016,-9,6,1,1,8,1,1.5,7,1,2,1,8,8,1,7,1,7,-0.009918255,-0.030028992,-0.537272264,0.57492,-2.06067,-0.15702,0.68024
Two-Back Task-scenes,subject016,-6,7,1,1,3.5,1,9.5,6,3,1,1,4.5,1,1,5,1,6,-0.130999829,0.464204275,-0.426960277,-0.96172,-1.66564,0.14746,0.47232
Two-Back Task-scenes,subject016,10,5.1,1,1,4,1.5,9,7,2,2,1,4.5,3,1,5.5,1,5,-0.130999829,0.464204275,-0.426960277,-0.87701,-1.64488,0.13841,0.65257
Two-Back Task-faces,subject016,-5,6,7,1,4,1,9.5,8,1,1,1,5.5,5,1,5.5,1,3,-0.025340712,0.386745896,-0.434225517,-0.8457,-1.71894,0.76453,0.93543
Two-Back Task-faces,subject016,-6,6,9,1,7,1,8,6,1,1,1,5,4,1,5.5,1,3,-0.025340712,0.386745896,-0.434225517,-1.0421,-1.80524,1.03273,0.64413
Movie Task-incept,subject016,11,3,4.5,1,5.5,5.5,6,1,1.5,1,1,3,1,1,5,1,3.5,-0.293453447,0.376771714,0.156545561,-1.81691,-1.31595,-0.18341,0.80462
Movie Task-incept,subject016,11,3,4.5,1,5.5,5.5,6,1,1.5,1,1,3,1,1,5,1,3.5,-0.293453447,0.376771714,0.156545561,-1.81691,-1.31595,-0.18341,0.80462
Movie Task-bridge,subject016,-9,3,5,1,4.5,2,6,2,1,1.5,1,2.5,3,1,4.5,1,1.6,-0.055046289,0.280933569,0.317858122,-1.75228,-1.52276,-0.28074,0.61344
Movie Task-bridge,subject016,-9,3,5,1,4.5,2,6,2,1,1.5,1,2.5,3,1,4.5,1,1.6,-0.055046289,0.280933569,0.317858122,-1.75228,-1.52276,-0.28074,0.61344
Memory Task,subject016,-14,9,3,1,4,1,6.5,9,1.1,1,1,7,7.5,1,4,8,9,-0.036691414,0.115884583,0.323863964,0.50965,-1.52399,0.53487,0.74298
Memory Task,subject016,7,8,8,1,6.5,1,6,10,2.5,1.3,1,7,6.5,1,8,7,9.5,-0.036691414,0.115884583,0.323863964,0.31056,-1.3724,1.39504,1.11788
Memory Task,subject016,-6,5.5,9,1,4.5,9.5,8.5,10,3.5,1,1.3,4,7,1,3,3,10,-0.036691414,0.115884583,0.323863964,-0.73685,-0.8476,1.85717,0.75775
Reading Task,subject016,-13,6,1,1,10,1,1,1,1,1,1,3,5,1,4.5,1.1,1,-0.19586954,-0.014883893,0.326889586,-0.87276,-1.87336,-0.81415,0.13954
Reading Task,subject016,11,7,1,1,5,1,7.5,1,4,2.5,1,5.5,4,6,5.5,3,1,-0.19586954,-0.014883893,0.326889586,-0.80121,-0.69522,-1.07836,0.62792
Reading Task,subject016,8,8,3,1,2.5,1,4,1.5,6,1.5,1,1,1,2,5,3,1.5,-0.19586954,-0.014883893,0.326889586,-1.76488,-0.75681,-0.88146,0.17693
You Task,subject016,-15,7.5,1,1,6.5,1,1.5,4,1,3,1.5,5.5,6,1,5,9,3,-0.068702623,0.051618542,0.14160951,-0.14031,-1.16591,-0.73972,0.51949
You Task,subject016,5,8,2.5,1,8,1,5,3,1.5,2,1.6,4,3.5,1,4.5,9,5,-0.068702623,0.051618542,0.14160951,-0.54583,-1.19367,-0.01253,0.39094
You Task,subject016,11,7.5,1,1,5.5,1,1.1,2,2,2,1,2,2.5,1,4.5,9,6,-0.068702623,0.051618542,0.14160951,-0.80914,-1.1348,-0.69872,0.1997
Friend Task,subject016,-5,8.5,10,1,6,1,1,4,1,2,1,6,3.5,1,8,1,6,0.066229557,0.061472443,0.208842324,-0.41779,-1.77523,0.4019,0.63151
Friend Task,subject016,14,8,10,1,6.1,1,1,4.5,1,2.7,1,4.5,3.1,1,8,1,8,0.066229557,0.061472443,0.208842324,-0.50176,-1.77106,0.66633,0.43275
Friend Task,subject016,14,7.6,10,1,4.7,1,1,4.1,1,2.5,1,6,6.6,1,8.4,1,7.4,0.066229557,0.061472443,0.208842324,-0.06682,-1.66071,0.25589,0.935
Easy Math Task,subject016,-13,6.1,1,6.9,2.4,1,1,1,1,1,1.1,4,5,1,5,1,8,-0.124954138,0.332221971,-0.020870498,0.07831,-1.54601,-1.69004,0.2142
Easy Math Task,subject016,-7,6.5,1,7.2,3.7,1,1,1,1.4,1,1,4.6,3.4,1,4,1.4,8.1,-0.124954138,0.332221971,-0.020870498,0.0048,-1.64269,-1.46067,-0.20714
Easy Math Task,subject016,-10,7,1,6.9,5.1,1,1,1,1.5,1,1,6,6,1,4.6,2.1,7.5,-0.124954138,0.332221971,-0.020870498,0.47557,-1.60046,-1.47707,0.08495
Hard Math Task,subject016,13,6.6,1,6.2,6,1,1,1.2,1,1,1,5.5,5.3,1,5,1,7.5,-0.275798122,0.402380589,-0.407389088,0.30777,-1.77608,-1.29088,0.08414
Hard Math Task,subject016,-9,6.7,1,6.6,5.8,1,1,1.1,1,1,1,5.8,6.9,1,3.6,1,8,-0.275798122,0.402380589,-0.407389088,0.51827,-1.8118,-1.30969,-0.1117
Hard Math Task,subject016,-13,5.1,1,7.5,5.8,1,1,1,1,1,1,5.1,5.8,1,4.6,1,6.8,-0.275798122,0.402380589,-0.407389088,0.21371,-1.69257,-1.47474,0.01325
GoNoGo Task,subject016,-14,4.8,1,1,2.7,1,4.1,1,1,1,1,2.7,2,1,4.5,1,1,-0.31702636,0.036362577,-0.159410417,-1.5524,-1.59754,-1.25538,0.56975
GoNoGo Task,subject016,-15,5.9,1.8,1,4.5,2.7,3.5,1,1.3,1,1,3.1,4,1,4.7,1,1,-0.31702636,0.036362577,-0.159410417,-1.20938,-1.45901,-1.09481,0.68253
GoNoGo Task,subject016,9,4,1,1,4,1,3.1,1,1,1,1,2.2,2.9,1,4,1,3,-0.31702636,0.036362577,-0.159410417,-1.42233,-1.70833,-1.04041,0.36139
Finger Tapping Task,subject016,-15,5.3,1.4,1,3.1,1,2.5,1,1.1,1,1,3,1.8,1,4.4,1,2.2,-0.090963574,-0.241336366,-0.170440839,-1.40973,-1.67554,-1.18542,0.38329
Finger Tapping Task,subject016,-14,5.2,1,1,2.7,1,2.7,1,1,1.8,1,2.3,2.8,1,4.3,1,2.4,-0.090963574,-0.241336366,-0.170440839,-1.34797,-1.60259,-1.25268,0.35752
Finger Tapping Task,subject016,9,3.4,1.2,1,4.1,1,4.3,1,1,2.7,1,2.9,2.2,1,4.7,1,2,-0.090963574,-0.241336366,-0.170440839,-1.50919,-1.6177,-0.96934,0.3576
